-- MySQL dump 10.17  Distrib 10.3.18-MariaDB, for debian-linux-gnu (x86_64)
--
-- Host: localhost    Database: db_akademik
-- ------------------------------------------------------
-- Server version	10.3.18-MariaDB-0+deb10u1

/*!40101 SET @OLD_CHARACTER_SET_CLIENT=@@CHARACTER_SET_CLIENT */;
/*!40101 SET @OLD_CHARACTER_SET_RESULTS=@@CHARACTER_SET_RESULTS */;
/*!40101 SET @OLD_COLLATION_CONNECTION=@@COLLATION_CONNECTION */;
/*!40101 SET NAMES utf8mb4 */;
/*!40103 SET @OLD_TIME_ZONE=@@TIME_ZONE */;
/*!40103 SET TIME_ZONE='+00:00' */;
/*!40014 SET @OLD_UNIQUE_CHECKS=@@UNIQUE_CHECKS, UNIQUE_CHECKS=0 */;
/*!40014 SET @OLD_FOREIGN_KEY_CHECKS=@@FOREIGN_KEY_CHECKS, FOREIGN_KEY_CHECKS=0 */;
/*!40101 SET @OLD_SQL_MODE=@@SQL_MODE, SQL_MODE='NO_AUTO_VALUE_ON_ZERO' */;
/*!40111 SET @OLD_SQL_NOTES=@@SQL_NOTES, SQL_NOTES=0 */;

--
-- Table structure for table `tb_agama`
--

DROP TABLE IF EXISTS `tb_agama`;
/*!40101 SET @saved_cs_client     = @@character_set_client */;
/*!40101 SET character_set_client = utf8 */;
CREATE TABLE `tb_agama` (
  `id_agama` int(2) unsigned zerofill NOT NULL AUTO_INCREMENT,
  `nama_agama` varchar(30) NOT NULL,
  PRIMARY KEY (`id_agama`)
) ENGINE=InnoDB AUTO_INCREMENT=100 DEFAULT CHARSET=latin1;
/*!40101 SET character_set_client = @saved_cs_client */;

--
-- Dumping data for table `tb_agama`
--

LOCK TABLES `tb_agama` WRITE;
/*!40000 ALTER TABLE `tb_agama` DISABLE KEYS */;
INSERT INTO `tb_agama` VALUES (01,'ISLAM'),(02,'KRISTEN/PROTESTAN'),(03,'KATHOLIK'),(04,'HINDU'),(05,'BUDHA'),(06,'KONG HU CHU'),(99,'LAIN-LAIN');
/*!40000 ALTER TABLE `tb_agama` ENABLE KEYS */;
UNLOCK TABLES;

--
-- Table structure for table `tb_guru`
--

DROP TABLE IF EXISTS `tb_guru`;
/*!40101 SET @saved_cs_client     = @@character_set_client */;
/*!40101 SET character_set_client = utf8 */;
CREATE TABLE `tb_guru` (
  `id_guru` int(11) NOT NULL AUTO_INCREMENT,
  `nip` varchar(30) NOT NULL,
  `nama_guru` varchar(40) NOT NULL,
  `gender` enum('P','L') NOT NULL,
  `username` varchar(30) NOT NULL,
  `password` varchar(32) NOT NULL,
  PRIMARY KEY (`id_guru`)
) ENGINE=InnoDB AUTO_INCREMENT=83 DEFAULT CHARSET=latin1;
/*!40101 SET character_set_client = @saved_cs_client */;

--
-- Dumping data for table `tb_guru`
--

LOCK TABLES `tb_guru` WRITE;
/*!40000 ALTER TABLE `tb_guru` DISABLE KEYS */;
INSERT INTO `tb_guru` VALUES (1,'1234567890','Agus Sugiharto, M.Eng.','L','gurutav1a','e10adc3949ba59abbe56e057f20f883e'),(2,'1234567890','Rudi Sugianto, S.Pd.','L','gurutav2a','e10adc3949ba59abbe56e057f20f883e'),(3,'1234567890','Dra. Yohana Umiyati','P','gurutav3a','e10adc3949ba59abbe56e057f20f883e'),(4,'1234567890','Eka Vicianto, S.Pd.T','L','gurutav4a','e10adc3949ba59abbe56e057f20f883e'),(5,'1234567890','Dyah Nurbiastuti, S.Pd.','P','gurutav1b','e10adc3949ba59abbe56e057f20f883e'),(6,'1234567890','Kartana, S.Pd.','L','gurutav2b','e10adc3949ba59abbe56e057f20f883e'),(7,'1234567890','Drs. Anang Prawoto','L','gurutav3b','e10adc3949ba59abbe56e057f20f883e'),(8,'1234567890','Dra. Hj Habibah, M.S.I.','L','gurutav4b','e10adc3949ba59abbe56e057f20f883e'),(9,'1234567890','Drs. Praptama','L','gurutgb1a','e10adc3949ba59abbe56e057f20f883e'),(10,'1234567890','Darmawan, M.T.','L','gurutgb2a','e10adc3949ba59abbe56e057f20f883e'),(11,'1234567890','Raden Supramana Aji, M.T.','L','gurutgb3a','e10adc3949ba59abbe56e057f20f883e'),(12,'1234567890','Drs. Ibrahim, M.Eng.','L','gurutgb4a','e10adc3949ba59abbe56e057f20f883e'),(13,'1234567890','Wahyu Purwaning Waratuti, S.Pd.','P','gurutgb1b','e10adc3949ba59abbe56e057f20f883e'),(14,'1234567890','Drs. Nugroho Sukowati','L','gurutgb2b','e10adc3949ba59abbe56e057f20f883e'),(15,'1234567890','Drs. H. Supono','L','gurutgb3b','e10adc3949ba59abbe56e057f20f883e'),(16,'1234567890','Drs. Suharso, M.T.','L','gurutgb4b','e10adc3949ba59abbe56e057f20f883e'),(17,'1234567890','Drs. Aris Sumaryono','L','gurutp1a','e10adc3949ba59abbe56e057f20f883e'),(18,'1234567890','Eko Subagijo, S.Pd.','L','gurutp2a','e10adc3949ba59abbe56e057f20f883e'),(19,'1234567890','Drs. Edi Susilo','L','gurutp3a','e10adc3949ba59abbe56e057f20f883e'),(20,'1234567890','Drs. Dwi Sujoko, M.Eng.','L','gurutp4a','e10adc3949ba59abbe56e057f20f883e'),(21,'1234567890','H. Nuryanto, M.T.','L','gurutp1b','e10adc3949ba59abbe56e057f20f883e'),(22,'1234567890','Subandi, M.Eng.','L','gurutp2b','e10adc3949ba59abbe56e057f20f883e'),(23,'1234567890','Muh. Yakhya K. Alli, S.Pd., S.T.','L','gurutp3b','e10adc3949ba59abbe56e057f20f883e'),(24,'1234567890','Drs. Moro Budi Atmoko','L','gurutp4b','e10adc3949ba59abbe56e057f20f883e'),(25,'1234567890','M. Endah Titisari, S.T.','P','gurutkj1a','e10adc3949ba59abbe56e057f20f883e'),(26,'1234567890','Sugiarto, S.T.','L','gurutkj2a','e10adc3949ba59abbe56e057f20f883e'),(27,'1234567890','E. Sigit Kuncoro, S.S.T.','L','gurutkj3a','e10adc3949ba59abbe56e057f20f883e'),(28,'1234567890','Bambang Dwi Sanyata, M.T.','L','gurutkj4a','e10adc3949ba59abbe56e057f20f883e'),(29,'1234567890','Rr. Retna Trimentariningsih, S.T.','P','gurutkj1b','e10adc3949ba59abbe56e057f20f883e'),(30,'1234567890','Yunianto Hermawan, S.Kom.','L','gurutkj2b','e10adc3949ba59abbe56e057f20f883e'),(31,'1234567890','Rum Ismawati, S.Si.','P','gurutkj3b','e10adc3949ba59abbe56e057f20f883e'),(32,'1234567890','Ratna Yunita Sari, S.T.','P','gurutkj4b','e10adc3949ba59abbe56e057f20f883e'),(33,'1234567890','Ir. Mawardi','L','gurugp1a','e10adc3949ba59abbe56e057f20f883e'),(34,'1234567890','Agus Sugiharto, S.T.','L','gurugp2a','e10adc3949ba59abbe56e057f20f883e'),(35,'1234567890','H. Daru Bintoro, S.T.','L','gurugp3a','e10adc3949ba59abbe56e057f20f883e'),(36,'1234567890','Sri Purwanti Rahayu, S.T.','P','gurugp4a','e10adc3949ba59abbe56e057f20f883e'),(37,'1234567890','Drs. Agung Widyatmiko, S.Pd.','L','gurugp1b','e10adc3949ba59abbe56e057f20f883e'),(38,'1234567890','Himawati Widyastuti, M.S.I.','P','gurugp2b','e10adc3949ba59abbe56e057f20f883e'),(39,'1234567890','Subarna, S.Pd.','L','gurugp3b','e10adc3949ba59abbe56e057f20f883e'),(40,'1234567890','Gandung Yastiadi, S.T.','L','gurugp4b','e10adc3949ba59abbe56e057f20f883e'),(41,'1234567890','Drs. Rajiyanto','L','guruki1a','e10adc3949ba59abbe56e057f20f883e'),(42,'1234567890','Dwi Wuryani','P','guruki2a','e10adc3949ba59abbe56e057f20f883e'),(43,'1234567890','Dra. Noorachmaningsih','P','guruki3a','e10adc3949ba59abbe56e057f20f883e'),(44,'1234567890','Sulisnaini Tyas, S.Pd.','P','guruki4a','e10adc3949ba59abbe56e057f20f883e'),(45,'1234567890','Cahyono Agus, S.Pd.','L','guruki1b','e10adc3949ba59abbe56e057f20f883e'),(46,'1234567890','Surip, M.Pd.','L','guruki2b','e10adc3949ba59abbe56e057f20f883e'),(47,'1234567890','Drs. Dwi Sujoko, M.Eng.','L','guruki3b','e10adc3949ba59abbe56e057f20f883e'),(48,'1234567890','Sri Subekti, S.Pd.','P','guruki4b','e10adc3949ba59abbe56e057f20f883e'),(49,'1234567890','Muharor, S.Ag.','L','guruka1a','e10adc3949ba59abbe56e057f20f883e'),(50,'1234567890','Sukarman, S.Pd.','L','guruka2a','e10adc3949ba59abbe56e057f20f883e'),(51,'1234567890','Endang Retnowati, S.Pd.','P','guruka3a','e10adc3949ba59abbe56e057f20f883e'),(52,'1234567890','Sulastri, M.Pd.','P','guruka4a','e10adc3949ba59abbe56e057f20f883e'),(53,'1234567890','Endang Retnowati, S.Pd.','P','guruka1b','e10adc3949ba59abbe56e057f20f883e'),(54,'1234567890','Novita Kusdiana, S.Pd.I, S.Pd.','P','guruka2b','e10adc3949ba59abbe56e057f20f883e'),(55,'1234567890','Ucik Budiati, S.Pd.','L','guruka3b','e10adc3949ba59abbe56e057f20f883e'),(56,'1234567890','Indayatmi, M.Sc.','P','guruka4b','e10adc3949ba59abbe56e057f20f883e'),(57,'1234567890','Kodrat Sapto Wibowo, S.Pd.T.','L','gurutoi1a','e10adc3949ba59abbe56e057f20f883e'),(58,'1234567890','Dra. Sri Rahayu Susilowati','P','gurutoi2a','e10adc3949ba59abbe56e057f20f883e'),(59,'1234567890','Drs. Moro Budi Atmoko','L','gurutoi3a','e10adc3949ba59abbe56e057f20f883e'),(60,'1234567890','Drs. Suswantoro','L','gurutoi4a','e10adc3949ba59abbe56e057f20f883e'),(61,'1234567890','Dra. Titik Rusbiwati','P','gurutoi1b','e10adc3949ba59abbe56e057f20f883e'),(62,'1234567890','Drs. Bambang Irianto, M.Pd.','L','gurutoi2b','e10adc3949ba59abbe56e057f20f883e'),(63,'1234567890','Drs. Dwi Sujoko, M.Eng.','L','gurutoi3b','e10adc3949ba59abbe56e057f20f883e'),(64,'1234567890','Eko Arianto, M.Eng.','L','gurutoi4b','e10adc3949ba59abbe56e057f20f883e'),(65,'1234567890','Nuryani Ekaningsih, S.Pd.','P','gurutpmp1a','e10adc3949ba59abbe56e057f20f883e'),(66,'1234567890','Mukasi Wahyu Kurniawati, S.T., M.Eng.','L','gurutpmp2a','e10adc3949ba59abbe56e057f20f883e'),(67,'1234567890','Zeni Ulma, S.S.T., M.Eng.','L','gurutpmp3a','e10adc3949ba59abbe56e057f20f883e'),(68,'1234567890','Drs. Wuri Hartono, M.M.','L','gurutpmp4a','e10adc3949ba59abbe56e057f20f883e'),(69,'1234567890','Nuryani Ekaningsih, S.Pd.','L','gurutpmp1b','e10adc3949ba59abbe56e057f20f883e'),(70,'1234567890','Mukasi Wahyu Kurniawati, S.T., M.Eng.','L','gurutpmp2b','e10adc3949ba59abbe56e057f20f883e'),(71,'1234567890','Zeni Ulma, S.S.T., M.Eng.','L','gurutpmp3b','e10adc3949ba59abbe56e057f20f883e'),(72,'1234567890','Drs. Wuri Hartono, M.M.','L','gurutpmp4b','e10adc3949ba59abbe56e057f20f883e'),(73,'1234567890','Drs. Isnanta','L','gurutkr1a','e10adc3949ba59abbe56e057f20f883e'),(74,'1234567890','Drs. H.B. Kuswidiantoro','L','gurutkr2a','e10adc3949ba59abbe56e057f20f883e'),(75,'1234567890','Drs. H. Rahmad Agus Gunadi','L','gurutkr3a','e10adc3949ba59abbe56e057f20f883e'),(76,'1234567890','Drs. Zuana Tri Raharja','L','gurutkr4a','e10adc3949ba59abbe56e057f20f883e'),(77,'1234567890','Drs. R. Totok Wisnu Toro','L','gurutkr1b','e10adc3949ba59abbe56e057f20f883e'),(78,'1234567890','Yahya Ahmad Satria, S.Pd.','L','gurutkr2b','e10adc3949ba59abbe56e057f20f883e'),(79,'1234567890','Michael Istiaji','L','gurutkr3b','e10adc3949ba59abbe56e057f20f883e'),(80,'1234567890','Drs. Sukijo, M.Eng.','L','gurutkr4b','e10adc3949ba59abbe56e057f20f883e'),(81,'987654321','Rezi','L','tijo','e10adc3949ba59abbe56e057f20f883e'),(82,'3124325367','Bams','L','BAMS','e10adc3949ba59abbe56e057f20f883e');
/*!40000 ALTER TABLE `tb_guru` ENABLE KEYS */;
UNLOCK TABLES;

--
-- Table structure for table `tb_history_kelas`
--

DROP TABLE IF EXISTS `tb_history_kelas`;
/*!40101 SET @saved_cs_client     = @@character_set_client */;
/*!40101 SET character_set_client = utf8 */;
CREATE TABLE `tb_history_kelas` (
  `id_history` int(11) NOT NULL AUTO_INCREMENT,
  `id_rombel` int(11) NOT NULL,
  `nis` int(11) NOT NULL,
  `id_tahun_ajaran` int(11) NOT NULL,
  PRIMARY KEY (`id_history`),
  UNIQUE KEY `nis_2` (`nis`),
  KEY `id_rombel` (`id_rombel`),
  KEY `nis` (`nis`),
  KEY `id_tahun_ajaran` (`id_tahun_ajaran`),
  KEY `id_rombel_2` (`id_rombel`),
  CONSTRAINT `tb_history_kelas_ibfk_1` FOREIGN KEY (`id_rombel`) REFERENCES `tb_rombel` (`id_rombel`),
  CONSTRAINT `tb_history_kelas_ibfk_2` FOREIGN KEY (`nis`) REFERENCES `tb_siswa` (`nis`),
  CONSTRAINT `tb_history_kelas_ibfk_3` FOREIGN KEY (`id_tahun_ajaran`) REFERENCES `tb_tahun_ajaran` (`id_tahun_ajaran`)
) ENGINE=InnoDB AUTO_INCREMENT=33 DEFAULT CHARSET=latin1;
/*!40101 SET character_set_client = @saved_cs_client */;

--
-- Dumping data for table `tb_history_kelas`
--

LOCK TABLES `tb_history_kelas` WRITE;
/*!40000 ALTER TABLE `tb_history_kelas` DISABLE KEYS */;
INSERT INTO `tb_history_kelas` VALUES (2,40,16452,1),(3,40,16451,1),(6,40,16454,1),(7,40,16453,1),(9,40,16455,1),(17,40,16456,1),(18,40,16457,1),(19,40,16458,1),(20,40,16459,1),(21,40,16460,1),(22,40,16465,1),(23,40,16466,1),(28,35,10009,1),(29,35,10010,1),(30,35,10011,1),(32,1,16910,1);
/*!40000 ALTER TABLE `tb_history_kelas` ENABLE KEYS */;
UNLOCK TABLES;

--
-- Table structure for table `tb_jadwal`
--

DROP TABLE IF EXISTS `tb_jadwal`;
/*!40101 SET @saved_cs_client     = @@character_set_client */;
/*!40101 SET character_set_client = utf8 */;
CREATE TABLE `tb_jadwal` (
  `id_jadwal` int(11) NOT NULL AUTO_INCREMENT,
  `id_tahun_ajaran` int(11) NOT NULL,
  `id_jurusan` varchar(11) NOT NULL,
  `kelas` int(11) NOT NULL,
  `id_mapel` varchar(10) NOT NULL,
  `id_guru` int(11) NOT NULL,
  `jam` varchar(14) NOT NULL,
  `id_ruangan` varchar(10) NOT NULL,
  `semester` int(11) NOT NULL,
  `hari` varchar(10) NOT NULL,
  `id_rombel` int(11) NOT NULL,
  PRIMARY KEY (`id_jadwal`),
  KEY `id_rombel` (`id_rombel`),
  KEY `id_ruangan` (`id_ruangan`),
  KEY `id_guru` (`id_guru`),
  KEY `id_mapel` (`id_mapel`),
  KEY `id_jurusan` (`id_jurusan`),
  KEY `id_tahun_ajaran` (`id_tahun_ajaran`),
  CONSTRAINT `tb_jadwal_ibfk_1` FOREIGN KEY (`id_rombel`) REFERENCES `tb_rombel` (`id_rombel`),
  CONSTRAINT `tb_jadwal_ibfk_2` FOREIGN KEY (`id_ruangan`) REFERENCES `tb_ruangan` (`id_ruangan`),
  CONSTRAINT `tb_jadwal_ibfk_3` FOREIGN KEY (`id_guru`) REFERENCES `tb_guru` (`id_guru`),
  CONSTRAINT `tb_jadwal_ibfk_4` FOREIGN KEY (`id_mapel`) REFERENCES `tb_mapel` (`id_mapel`),
  CONSTRAINT `tb_jadwal_ibfk_5` FOREIGN KEY (`id_jurusan`) REFERENCES `tb_jurusan` (`id_jurusan`),
  CONSTRAINT `tb_jadwal_ibfk_6` FOREIGN KEY (`id_tahun_ajaran`) REFERENCES `tb_tahun_ajaran` (`id_tahun_ajaran`)
) ENGINE=InnoDB AUTO_INCREMENT=3267 DEFAULT CHARSET=latin1;
/*!40101 SET character_set_client = @saved_cs_client */;

--
-- Dumping data for table `tb_jadwal`
--

LOCK TABLES `tb_jadwal` WRITE;
/*!40000 ALTER TABLE `tb_jadwal` DISABLE KEYS */;
INSERT INTO `tb_jadwal` VALUES (1,1,'TKJ',2,'SENIN',26,'07.00 - 07.45','RTKJ1',2,'Senin',35),(2,1,'TKJ',2,'TJBL',26,'07.45 - 08.30','RTKJ1',2,'Senin',35),(3,1,'TKJ',2,'TJBL',26,'08.30 - 09.15','RTKJ1',2,'Senin',35),(4,1,'TKJ',2,'TJBL',26,'09.15 - 10.00','RTKJ1',2,'Senin',35),(5,1,'TKJ',2,'ISTIRAHAT',26,'10.00 - 10.15','RTKJ1',2,'Senin',35),(6,1,'TKJ',2,'TJBL',26,'10.15 - 11.00','RTKJ1',2,'Senin',35),(7,1,'TKJ',2,'TJBL',26,'11.00 - 11.45','RTKJ1',2,'Senin',35),(8,1,'TKJ',2,'ISTIRAHAT',26,'11.45 - 12.15','RTKJ1',2,'Senin',35),(9,1,'TKJ',2,'TJBL',26,'12.15 - 12.55','RTKJ1',2,'Senin',35),(10,1,'TKJ',2,'ASJ',26,'12.55 - 13.35','RTKJ1',2,'Senin',35),(11,1,'TKJ',2,'ASJ',26,'13.35 - 14.15','RTKJ1',2,'Senin',35),(12,1,'TKJ',2,'ASJ',26,'14.15 - 14.55','RTKJ1',2,'Senin',35),(13,1,'TKJ',2,'ISTIRAHAT',26,'14.55 - 15.10','RTKJ1',2,'Senin',35),(14,1,'TKJ',2,'ASJ',26,'15.10 - 15.50','RTKJ1',2,'Senin',35),(15,1,'TKJ',2,'PAI',26,'15.50 - 16.30','RTKJ1',2,'Senin',35),(16,1,'TKJ',2,'PAI',26,'16.30 - 17.10','RTKJ1',2,'Senin',35),(17,1,'TKJ',2,'PAI',26,'17.10 - 17.50','RTKJ1',2,'Senin',35),(18,1,'TKJ',2,'SENIN',30,'07.00 - 07.45','RTKJ1',2,'Senin',36),(19,1,'TKJ',2,'IKOMA',30,'07.45 - 08.30','RTKJ1',2,'Senin',36),(20,1,'TKJ',2,'IKOMA',30,'08.30 - 09.15','RTKJ1',2,'Senin',36),(21,1,'TKJ',2,'IKOMA',30,'09.15 - 10.00','RTKJ1',2,'Senin',36),(22,1,'TKJ',2,'ISTIRAHAT',30,'10.00 - 10.15','RTKJ1',2,'Senin',36),(23,1,'TKJ',2,'IKOMA',30,'10.15 - 11.00','RTKJ1',2,'Senin',36),(24,1,'TKJ',2,'IKOMA',30,'11.00 - 11.45','RTKJ1',2,'Senin',36),(25,1,'TKJ',2,'ISTIRAHAT',30,'11.45 - 12.15','RTKJ1',2,'Senin',36),(26,1,'TKJ',2,'PKA',30,'12.15 - 12.55','RTKJ1',2,'Senin',36),(27,1,'TKJ',2,'PKA',30,'12.55 - 13.35','RTKJ1',2,'Senin',36),(28,1,'TKJ',2,'PKA',30,'13.35 - 14.15','RTKJ1',2,'Senin',36),(29,1,'TKJ',2,'PKA',30,'14.15 - 14.55','RTKJ1',2,'Senin',36),(30,1,'TKJ',2,'ISTIRAHAT',30,'14.55 - 15.10','RTKJ1',2,'Senin',36),(31,1,'TKJ',2,'PKA',30,'15.10 - 15.50','RTKJ1',2,'Senin',36),(32,1,'TKJ',2,'PAI',30,'15.50 - 16.30','RTKJ1',2,'Senin',36),(33,1,'TKJ',2,'PAI',30,'16.30 - 17.10','RTKJ1',2,'Senin',36),(34,1,'TKJ',2,'PAI',30,'17.10 - 17.50','RTKJ1',2,'Senin',36),(35,1,'TKJ',2,'TLJ',26,'07.00 - 07.45','RTKJ1',2,'Selasa',35),(36,1,'TKJ',2,'TLJ',26,'07.45 - 08.30','RTKJ1',2,'Selasa',35),(37,1,'TKJ',2,'TLJ',26,'08.30 - 09.15','RTKJ1',2,'Selasa',35),(38,1,'TKJ',2,'TLJ',26,'09.15 - 10.00','RTKJ1',2,'Selasa',35),(39,1,'TKJ',2,'ISTIRAHAT',26,'10.00 - 10.15','RTKJ1',2,'Selasa',35),(40,1,'TKJ',2,'PK',26,'10.15 - 11.00','RTKJ1',2,'Selasa',35),(41,1,'TKJ',2,'PK',26,'11.00 - 11.45','RTKJ1',2,'Selasa',35),(42,1,'TKJ',2,'ISTIRAHAT',26,'11.45 - 12.15','RTKJ1',2,'Selasa',35),(43,1,'TKJ',2,'PK',26,'12.15 - 12.55','RTKJ1',2,'Selasa',35),(44,1,'TKJ',2,'PK',26,'12.55 - 13.35','RTKJ1',2,'Selasa',35),(45,1,'TKJ',2,'MTK',26,'13.35 - 14.15','RTKJ1',2,'Selasa',35),(46,1,'TKJ',2,'MTK',26,'14.15 - 14.55','RTKJ1',2,'Selasa',35),(47,1,'TKJ',2,'MTK',30,'07.00 - 07.45','RTKJ1',2,'Selasa',36),(48,1,'TKJ',2,'MTK',30,'07.45 - 08.30','RTKJ1',2,'Selasa',36),(49,1,'TKJ',2,'MTK',30,'08.30 - 09.15','RTKJ1',2,'Selasa',36),(50,1,'TKJ',2,'MTK',30,'09.15 - 10.00','RTKJ1',2,'Selasa',36),(51,1,'TKJ',2,'ISTIRAHAT',30,'10.00 - 10.15','RTKJ1',2,'Selasa',36),(52,1,'TKJ',2,'BING',30,'10.15 - 11.00','RTKJ1',2,'Selasa',36),(53,1,'TKJ',2,'BING',30,'11.00 - 11.45','RTKJ1',2,'Selasa',36),(54,1,'TKJ',2,'ISTIRAHAT',30,'11.45 - 12.15','RTKJ1',2,'Selasa',36),(55,1,'TKJ',2,'BING',30,'12.15 - 12.55','RTKJ1',2,'Selasa',36),(56,1,'TKJ',2,'BIND',30,'12.55 - 13.35','RTKJ1',2,'Selasa',36),(57,1,'TKJ',2,'BIND',30,'13.35 - 14.15','RTKJ1',2,'Selasa',36),(58,1,'TKJ',2,'BIND',30,'14.15 - 14.55','RTKJ1',2,'Selasa',36),(59,1,'TKJ',2,'ADMI',26,'07.00 - 07.45','RTKJ1',2,'Rabu',35),(60,1,'TKJ',2,'ADMI',26,'07.45 - 08.30','RTKJ1',2,'Rabu',35),(61,1,'TKJ',2,'ADMI',26,'08.30 - 09.15','RTKJ1',2,'Rabu',35),(62,1,'TKJ',2,'ADMI',26,'09.15 - 10.00','RTKJ1',2,'Rabu',35),(63,1,'TKJ',2,'ISTIRAHAT',26,'10.00 - 10.15','RTKJ1',2,'Rabu',35),(64,1,'TKJ',2,'ASJ',26,'10.15 - 11.00','RTKJ1',2,'Rabu',35),(65,1,'TKJ',2,'ASJ',26,'11.00 - 11.45','RTKJ1',2,'Rabu',35),(66,1,'TKJ',2,'ISTIRAHAT',26,'11.45 - 12.15','RTKJ1',2,'Rabu',35),(67,1,'TKJ',2,'PK',26,'12.15 - 12.55','RTKJ1',2,'Rabu',35),(68,1,'TKJ',2,'PK',26,'12.55 - 13.35','RTKJ1',2,'Rabu',35),(69,1,'TKJ',2,'PK',26,'13.35 - 14.15','RTKJ1',2,'Rabu',35),(70,1,'TKJ',2,'PPKN',26,'14.15 - 14.55','RTKJ1',2,'Rabu',35),(71,1,'TKJ',2,'ISTIRAHAT',26,'14.55 - 15.10','RTKJ1',2,'Rabu',35),(72,1,'TKJ',2,'PPKN',26,'15.10 - 15.50','RTKJ1',2,'Rabu',35),(73,1,'TKJ',2,'SIOT',30,'07.00 - 07.45','RTKJ1',2,'Rabu',36),(74,1,'TKJ',2,'SIOT',30,'07.45 - 08.30','RTKJ1',2,'Rabu',36),(75,1,'TKJ',2,'SIOT',30,'08.30 - 09.15','RTKJ1',2,'Rabu',36),(76,1,'TKJ',2,'SIOT',30,'09.15 - 10.00','RTKJ1',2,'Rabu',36),(77,1,'TKJ',2,'ISTIRAHAT',30,'10.00 - 10.15','RTKJ1',2,'Rabu',36),(78,1,'TKJ',2,'SIOT',30,'10.15 - 11.00','RTKJ1',2,'Rabu',36),(79,1,'TKJ',2,'SIOT',30,'11.00 - 11.45','RTKJ1',2,'Rabu',36),(80,1,'TKJ',2,'ISTIRAHAT',30,'11.45 - 12.15','RTKJ1',2,'Rabu',36),(81,1,'TKJ',2,'LKA',30,'12.15 - 12.55','RTKJ1',2,'Rabu',36),(82,1,'TKJ',2,'LKA',30,'12.55 - 13.35','RTKJ1',2,'Rabu',36),(83,1,'TKJ',2,'LKA',30,'13.35 - 14.15','RTKJ1',2,'Rabu',36),(84,1,'TKJ',2,'LKA',30,'14.15 - 14.55','RTKJ1',2,'Rabu',36),(85,1,'TKJ',2,'ISTIRAHAT',30,'14.55 - 15.10','RTKJ1',2,'Rabu',36),(86,1,'TKJ',2,'PENJAS',30,'15.10 - 15.50','RTKJ1',2,'Rabu',36),(87,1,'TKJ',2,'PENJAS',30,'15.50 - 16.30','RTKJ1',2,'Rabu',36),(88,1,'TKJ',2,'TLJ',26,'07.00 - 07.45','RTKJ1',2,'Kamis',35),(89,1,'TKJ',2,'TLJ',26,'07.45 - 08.30','RTKJ1',2,'Kamis',35),(90,1,'TKJ',2,'ADMI',26,'08.30 - 09.15','RTKJ1',2,'Kamis',35),(91,1,'TKJ',2,'ADMI',26,'09.15 - 10.00','RTKJ1',2,'Kamis',35),(92,1,'TKJ',2,'ISTIRAHAT',26,'10.00 - 10.15','RTKJ1',2,'Kamis',35),(93,1,'TKJ',2,'BIND',26,'10.15 - 11.00','RTKJ1',2,'Kamis',35),(94,1,'TKJ',2,'BIND',26,'11.00 - 11.45','RTKJ1',2,'Kamis',35),(95,1,'TKJ',2,'ISTIRAHAT',26,'11.45 - 12.15','RTKJ1',2,'Kamis',35),(96,1,'TKJ',2,'BIND',26,'12.15 - 12.55','RTKJ1',2,'Kamis',35),(97,1,'TKJ',2,'BING',26,'12.55 - 13.35','RTKJ1',2,'Kamis',35),(98,1,'TKJ',2,'BING',26,'13.35 - 14.15','RTKJ1',2,'Kamis',35),(99,1,'TKJ',2,'BING',26,'14.15 - 14.55','RTKJ1',2,'Kamis',35),(100,1,'TKJ',2,'KJ',30,'07.00 - 07.45','RTKJ1',2,'Kamis',36),(101,1,'TKJ',2,'KJ',30,'07.45 - 08.30','RTKJ1',2,'Kamis',36),(102,1,'TKJ',2,'KJ',30,'08.30 - 09.15','RTKJ1',2,'Kamis',36),(103,1,'TKJ',2,'KJ',30,'09.15 - 10.00','RTKJ1',2,'Kamis',36),(104,1,'TKJ',2,'ISTIRAHAT',30,'10.00 - 10.15','RTKJ1',2,'Kamis',36),(105,1,'TKJ',2,'PK',30,'10.15 - 11.00','RTKJ1',2,'Kamis',36),(106,1,'TKJ',2,'PK',30,'11.00 - 11.45','RTKJ1',2,'Kamis',36),(107,1,'TKJ',2,'ISTIRAHAT',30,'11.45 - 12.15','RTKJ1',2,'Kamis',36),(108,1,'TKJ',2,'PK',30,'12.15 - 12.55','RTKJ1',2,'Kamis',36),(109,1,'TKJ',2,'PK',30,'12.55 - 13.35','RTKJ1',2,'Kamis',36),(110,1,'TKJ',2,'BJAWA',30,'13.35 - 14.15','RTKJ1',2,'Kamis',36),(111,1,'TKJ',2,'BJAWA',30,'14.15 - 14.55','RTKJ1',2,'Kamis',36),(112,1,'TKJ',2,'JUMAT',26,'07.00 - 07.45','RTKJ1',2,'Jumat',35),(113,1,'TKJ',2,'BJAWA',26,'07.45 - 08.30','RTKJ1',2,'Jumat',35),(114,1,'TKJ',2,'BJAWA',26,'08.30 - 09.15','RTKJ1',2,'Jumat',35),(115,1,'TKJ',2,'PENJAS',26,'09.15 - 10.00','RTKJ1',2,'Jumat',35),(116,1,'TKJ',2,'ISTIRAHAT',26,'10.00 - 10.15','RTKJ1',2,'Jumat',35),(117,1,'TKJ',2,'MTK',26,'10.15 - 11.00','RTKJ1',2,'Jumat',35),(118,1,'TKJ',2,'MTK',26,'11.00 - 11.45','RTKJ1',2,'Jumat',35),(119,1,'TKJ',2,'JUMAT',26,'07.00 - 07.45','RTKJ1',2,'Jumat',36),(120,1,'TKJ',2,'PK',26,'07.45 - 08.30','RTKJ1',2,'Jumat',36),(121,1,'TKJ',2,'PK',26,'08.30 - 09.15','RTKJ1',2,'Jumat',36),(122,1,'TKJ',2,'PK',26,'09.15 - 10.00','RTKJ1',2,'Jumat',36),(123,1,'TKJ',2,'ISTIRAHAT',26,'10.00 - 10.15','RTKJ1',2,'Jumat',36),(124,1,'TKJ',2,'PPKN',26,'10.15 - 11.00','RTKJ1',2,'Jumat',36),(125,1,'TKJ',2,'PPKN',26,'11.00 - 11.45','RTKJ1',2,'Jumat',36),(511,1,'TGB',3,'SENIN',11,'07.00 - 07.45','RTGB3',2,'Senin',29),(512,1,'TGB',3,'SENIN',15,'07.00 - 07.45','RTGB3',2,'Senin',30),(513,1,'TGB',3,'PG',11,'07.45 - 08.30','RTGB3',2,'Senin',29),(514,1,'TGB',3,'PG',15,'07.00 - 07.45','RTGB3',2,'Senin',30),(515,1,'TGB',3,'PG',11,'08.30 - 09.15','RTGB3',2,'Senin',29),(516,1,'TGB',3,'MTK',15,'07.00 - 07.45','RTGB3',2,'Senin',30),(517,1,'TGB',3,'PG',11,'09.15 - 10.00','RTGB3',2,'Senin',29),(518,1,'TGB',3,'BIND',15,'07.00 - 07.45','RTGB3',2,'Senin',30),(519,1,'TGB',3,'ISTIRAHAT',11,'10.00 - 10.15','RTGB3',2,'Senin',29),(520,1,'TGB',3,'PAI',15,'07.00 - 07.45','RTGB3',2,'Senin',30),(521,1,'TGB',3,'PG',11,'10.15 - 11.00','RTGB3',2,'Senin',29),(522,1,'TGB',3,'PKK',15,'07.00 - 07.45','RTGB3',2,'Senin',30),(523,1,'TGB',3,'PG',11,'11.00 - 11.45','RTGB3',2,'Senin',29),(524,1,'TGB',3,'MTK',15,'07.00 - 07.45','RTGB3',2,'Senin',30),(525,1,'TGB',3,'ISTIRAHAT',11,'11.45 - 12.15','RTGB3',2,'Senin',29),(526,1,'TGB',3,'BJAWA',15,'07.00 - 07.45','RTGB3',2,'Senin',30),(527,1,'TGB',3,'MTK',11,'12.15 - 12.55','RTGB3',2,'Senin',29),(528,1,'TGB',3,'EBKSPG',15,'07.00 - 07.45','RTGB3',2,'Senin',30),(529,1,'TGB',3,'MTK',11,'12.55 - 13.35','RTGB3',2,'Senin',29),(530,1,'TGB',3,'BING',15,'07.00 - 07.45','RTGB3',2,'Senin',30),(531,1,'TGB',3,'BIND',11,'13.35 - 14.15','RTGB3',2,'Senin',29),(532,1,'TGB',3,'KBG',15,'07.00 - 07.45','RTGB3',2,'Senin',30),(533,1,'TGB',3,'BIND',11,'14.15 - 14.55','RTGB3',2,'Senin',29),(534,1,'TGB',3,'PPKN',15,'07.00 - 07.45','RTGB3',2,'Senin',30),(535,1,'TGB',3,'ISTIRAHAT',11,'14.55 - 15.10','RTGB3',2,'Senin',29),(536,1,'TGB',3,'SUB',15,'07.00 - 07.45','RTGB3',2,'Senin',30),(537,1,'TGB',3,'PAI',11,'15.10 - 15.50','RTGB3',2,'Senin',29),(538,1,'TGB',3,'ABA',15,'07.00 - 07.45','RTGB3',2,'Senin',30),(539,1,'TGB',3,'PAI',11,'15.50 - 16.30','RTGB3',2,'Senin',29),(540,1,'TGB',3,'ABA',15,'07.00 - 07.45','RTGB3',2,'Senin',30),(541,1,'TGB',3,'PAI',11,'16.30 - 17.10','RTGB3',2,'Senin',29),(542,1,'TGB',3,'ABA',15,'07.00 - 07.45','RTGB3',2,'Senin',30),(543,1,'TGB',3,'ABA',15,'07.00 - 07.45','RTGB3',2,'Senin',30),(544,1,'TGB',3,'PKK',11,'07.45 - 08.30','RTGB3',2,'Selasa',29),(545,1,'TGB',3,'SENIN',15,'07.00 - 07.45','RTGB3',2,'Senin',30),(546,1,'TGB',3,'PKK',11,'08.30 - 09.15','RTGB3',2,'Selasa',29),(547,1,'TGB',3,'PG',15,'07.00 - 07.45','RTGB3',2,'Senin',30),(548,1,'TGB',3,'PKK',11,'09.15 - 10.00','RTGB3',2,'Selasa',29),(549,1,'TGB',3,'MTK',15,'07.00 - 07.45','RTGB3',2,'Senin',30),(550,1,'TGB',3,'ISTIRAHAT',11,'10.00 - 10.15','RTGB3',2,'Selasa',29),(551,1,'TGB',3,'BIND',15,'07.00 - 07.45','RTGB3',2,'Senin',30),(552,1,'TGB',3,'PKK',11,'10.15 - 11.00','RTGB3',2,'Selasa',29),(553,1,'TGB',3,'PAI',15,'07.00 - 07.45','RTGB3',2,'Senin',30),(554,1,'TGB',3,'PKK',11,'11.00 - 11.45','RTGB3',2,'Selasa',29),(555,1,'TGB',3,'PKK',15,'07.00 - 07.45','RTGB3',2,'Senin',30),(556,1,'TGB',3,'ISTIRAHAT',11,'11.45 - 12.15','RTGB3',2,'Selasa',29),(557,1,'TGB',3,'MTK',15,'07.00 - 07.45','RTGB3',2,'Senin',30),(558,1,'TGB',3,'PKK',11,'12.15 - 12.55','RTGB3',2,'Selasa',29),(559,1,'TGB',3,'BJAWA',15,'07.00 - 07.45','RTGB3',2,'Senin',30),(560,1,'TGB',3,'PKK',11,'12.55 - 13.35','RTGB3',2,'Selasa',29),(561,1,'TGB',3,'EBKSPG',15,'07.00 - 07.45','RTGB3',2,'Senin',30),(562,1,'TGB',3,'PKK',11,'13.35 - 14.15','RTGB3',2,'Selasa',29),(563,1,'TGB',3,'BING',15,'07.00 - 07.45','RTGB3',2,'Senin',30),(564,1,'TGB',3,'MTK',11,'14.15 - 14.55','RTGB3',2,'Selasa',29),(565,1,'TGB',3,'KBG',15,'07.00 - 07.45','RTGB3',2,'Senin',30),(566,1,'TGB',3,'ISTIRAHAT',11,'14.55 - 15.10','RTGB3',2,'Selasa',29),(567,1,'TGB',3,'PPKN',15,'07.00 - 07.45','RTGB3',2,'Senin',30),(568,1,'TGB',3,'MTK',11,'15.10 - 15.50','RTGB3',2,'Selasa',29),(569,1,'TGB',3,'SUB',15,'07.00 - 07.45','RTGB3',2,'Senin',30),(570,1,'TGB',3,'BJAWA',11,'15.50 - 16.30','RTGB3',2,'Selasa',29),(571,1,'TGB',3,'ABA',15,'07.00 - 07.45','RTGB3',2,'Senin',30),(572,1,'TGB',3,'BJAWA',11,'16.30 - 17.10','RTGB3',2,'Selasa',29),(573,1,'TGB',3,'ABA',15,'07.00 - 07.45','RTGB3',2,'Senin',30),(574,1,'TGB',3,'EBKSPG',11,'07.45 - 08.30','RTGB3',2,'Rabu',29),(575,1,'TGB',3,'ABA',15,'07.00 - 07.45','RTGB3',2,'Senin',30),(576,1,'TGB',3,'EBKSPG',11,'08.30 - 09.15','RTGB3',2,'Rabu',29),(577,1,'TGB',3,'ABA',15,'07.00 - 07.45','RTGB3',2,'Senin',30),(578,1,'TGB',3,'EBKSPG',11,'09.15 - 10.00','RTGB3',2,'Rabu',29),(579,1,'TGB',3,'SENIN',15,'07.00 - 07.45','RTGB3',2,'Senin',30),(580,1,'TGB',3,'ISTIRAHAT',11,'10.00 - 10.15','RTGB3',2,'Rabu',29),(581,1,'TGB',3,'PG',15,'07.00 - 07.45','RTGB3',2,'Senin',30),(582,1,'TGB',3,'EBKSPG',11,'10.15 - 11.00','RTGB3',2,'Rabu',29),(583,1,'TGB',3,'MTK',15,'07.00 - 07.45','RTGB3',2,'Senin',30),(584,1,'TGB',3,'EBKSPG',11,'11.00 - 11.45','RTGB3',2,'Rabu',29),(585,1,'TGB',3,'BIND',15,'07.00 - 07.45','RTGB3',2,'Senin',30),(586,1,'TGB',3,'ISTIRAHAT',11,'11.45 - 12.15','RTGB3',2,'Rabu',29),(587,1,'TGB',3,'PAI',15,'07.00 - 07.45','RTGB3',2,'Senin',30),(588,1,'TGB',3,'BING',11,'12.15 - 12.55','RTGB3',2,'Rabu',29),(589,1,'TGB',3,'PKK',15,'07.00 - 07.45','RTGB3',2,'Senin',30),(590,1,'TGB',3,'BING',11,'12.55 - 13.35','RTGB3',2,'Rabu',29),(591,1,'TGB',3,'MTK',15,'07.00 - 07.45','RTGB3',2,'Senin',30),(592,1,'TGB',3,'BING',11,'13.35 - 14.15','RTGB3',2,'Rabu',29),(593,1,'TGB',3,'BJAWA',15,'07.00 - 07.45','RTGB3',2,'Senin',30),(594,1,'TGB',3,'BING',11,'14.15 - 14.55','RTGB3',2,'Rabu',29),(595,1,'TGB',3,'EBKSPG',15,'07.00 - 07.45','RTGB3',2,'Senin',30),(596,1,'TGB',3,'KBG',11,'07.45 - 08.30','RTGB3',2,'Kamis',29),(597,1,'TGB',3,'BING',15,'07.00 - 07.45','RTGB3',2,'Senin',30),(598,1,'TGB',3,'KBG',11,'08.30 - 09.15','RTGB3',2,'Kamis',29),(599,1,'TGB',3,'KBG',15,'07.00 - 07.45','RTGB3',2,'Senin',30),(600,1,'TGB',3,'KBG',11,'09.15 - 10.00','RTGB3',2,'Kamis',29),(601,1,'TGB',3,'PPKN',15,'07.00 - 07.45','RTGB3',2,'Senin',30),(602,1,'TGB',3,'ISTIRAHAT',11,'10.00 - 10.15','RTGB3',2,'Kamis',29),(603,1,'TGB',3,'SUB',15,'07.00 - 07.45','RTGB3',2,'Senin',30),(604,1,'TGB',3,'KBG',11,'10.15 - 11.00','RTGB3',2,'Kamis',29),(605,1,'TGB',3,'ABA',15,'07.00 - 07.45','RTGB3',2,'Senin',30),(606,1,'TGB',3,'KBG',11,'11.00 - 11.45','RTGB3',2,'Kamis',29),(607,1,'TGB',3,'ABA',15,'07.00 - 07.45','RTGB3',2,'Senin',30),(608,1,'TGB',3,'KBG',11,'11.45 - 12.15','RTGB3',2,'Kamis',29),(609,1,'TGB',3,'ABA',15,'07.00 - 07.45','RTGB3',2,'Senin',30),(610,1,'TGB',3,'KBG',11,'12.15 - 12.55','RTGB3',2,'Kamis',29),(611,1,'TGB',3,'ABA',15,'07.00 - 07.45','RTGB3',2,'Senin',30),(612,1,'TGB',3,'PPKN',11,'12.55 - 13.35','RTGB3',2,'Kamis',29),(613,1,'TGB',3,'SENIN',15,'07.00 - 07.45','RTGB3',2,'Senin',30),(614,1,'TGB',3,'PPKN',11,'13.35 - 14.15','RTGB3',2,'Kamis',29),(615,1,'TGB',3,'PG',15,'07.00 - 07.45','RTGB3',2,'Senin',30),(616,1,'TGB',3,'JUMAT',11,'07.00 - 07.45','RTGB3',2,'Jumat',29),(617,1,'TGB',3,'MTK',15,'07.00 - 07.45','RTGB3',2,'Senin',30),(618,1,'TGB',3,'SUB',11,'07.45 - 08.30','RTGB3',2,'Jumat',29),(619,1,'TGB',3,'BIND',15,'07.00 - 07.45','RTGB3',2,'Senin',30),(620,1,'TGB',3,'SUB',11,'08.30 - 09.15','RTGB3',2,'Jumat',29),(621,1,'TGB',3,'PAI',15,'07.00 - 07.45','RTGB3',2,'Senin',30),(622,1,'TGB',3,'SUB',11,'09.15 - 10.00','RTGB3',2,'Jumat',29),(623,1,'TGB',3,'PKK',15,'07.00 - 07.45','RTGB3',2,'Senin',30),(624,1,'TGB',3,'ISTIRAHAT',11,'10.00 - 10.15','RTGB3',2,'Jumat',29),(625,1,'TGB',3,'MTK',15,'07.00 - 07.45','RTGB3',2,'Senin',30),(626,1,'TGB',3,'SUB',11,'10.15 - 11.00','RTGB3',2,'Jumat',29),(627,1,'TGB',3,'BJAWA',15,'07.00 - 07.45','RTGB3',2,'Senin',30),(628,1,'TGB',3,'SUB',11,'11.00 - 11.45','RTGB3',2,'Jumat',29),(629,1,'TGB',3,'EBKSPG',15,'07.00 - 07.45','RTGB3',2,'Senin',30),(630,1,'TGB',3,'IBADAH',11,'11.45 - 12.15','RTGB3',2,'Jumat',29),(631,1,'TGB',3,'BING',15,'07.00 - 07.45','RTGB3',2,'Senin',30),(632,1,'TGB',3,'IBADAH',11,'12.15 - 12.55','RTGB3',2,'Jumat',29),(633,1,'TGB',3,'KBG',15,'07.00 - 07.45','RTGB3',2,'Senin',30),(634,1,'TGB',3,'SUB',11,'12.55 - 13.35','RTGB3',2,'Jumat',29),(635,1,'TGB',3,'PPKN',15,'07.00 - 07.45','RTGB3',2,'Senin',30),(636,1,'TGB',3,'SUB',11,'13.35 - 14.15','RTGB3',2,'Jumat',29),(637,1,'TGB',3,'SUB',15,'07.00 - 07.45','RTGB3',2,'Senin',30),(638,1,'TGB',3,'SUB',11,'14.15 - 14.55','RTGB3',2,'Jumat',29),(639,1,'TGB',3,'ABA',15,'07.00 - 07.45','RTGB3',2,'Senin',30),(640,1,'TGB',3,'ABA',15,'07.00 - 07.45','RTGB3',2,'Senin',30),(641,1,'TGB',3,'ABA',15,'07.00 - 07.45','RTGB3',2,'Senin',30),(642,1,'TGB',3,'ABA',15,'07.00 - 07.45','RTGB3',2,'Senin',30),(643,1,'GP',3,'SENIN',35,'07.00 - 07.45','GP3',2,'Senin',45),(644,1,'GP',3,'SENIN',39,'07.00 - 07.45','GP3',2,'Senin',46),(645,1,'GP',3,'ETP',35,'07.45 - 08.30','GP3',2,'Senin',45),(646,1,'GP',3,'MTK',39,'07.45 - 08.30','GP3',2,'Senin',46),(647,1,'GP',3,'ETP',35,'08.30 - 09.15','GP3',2,'Senin',45),(648,1,'GP',3,'MTK',39,'08.30 - 09.15','GP3',2,'Senin',46),(649,1,'GP',3,'ETP',35,'09.15 - 10.00','GP3',2,'Senin',45),(650,1,'GP',3,'MTK',39,'09.15 - 10.00','GP3',2,'Senin',46),(651,1,'GP',3,'ISTIRAHAT',35,'10.00 - 10.15','GP3',2,'Senin',45),(652,1,'GP',3,'ISTIRAHAT',39,'10.00 - 10.15','GP3',2,'Senin',46),(653,1,'GP',3,'ETP',35,'10.15 - 11.00','GP3',2,'Senin',45),(654,1,'GP',3,'BJAWA',39,'10.15 - 11.00','GP3',2,'Senin',46),(655,1,'GP',3,'ETP',35,'11.00 - 11.45','GP3',2,'Senin',45),(656,1,'GP',3,'BJAWA',39,'11.00 - 11.45','GP3',2,'Senin',46),(657,1,'GP',3,'ISTIRAHAT',35,'11.45 - 12.15','GP3',2,'Senin',45),(658,1,'GP',3,'ISTIRAHAT',39,'11.45 - 12.15','GP3',2,'Senin',46),(659,1,'GP',3,'PP',35,'12.15 - 12.55','GP3',2,'Senin',45),(660,1,'GP',3,'PKK',39,'12.15 - 12.55','GP3',2,'Senin',46),(661,1,'GP',3,'PP',35,'12.55 - 13.35','GP3',2,'Senin',45),(662,1,'GP',3,'PKK',39,'12.55 - 13.35','GP3',2,'Senin',46),(663,1,'GP',3,'PP',35,'13.35 - 14.15','GP3',2,'Senin',45),(664,1,'GP',3,'PKK',39,'13.35 - 14.15','GP3',2,'Senin',46),(665,1,'GP',3,'PP',35,'14.15 - 14.55','GP3',2,'Senin',45),(666,1,'GP',3,'PKK',39,'14.15 - 14.55','GP3',2,'Senin',46),(667,1,'GP',3,'ISTIRAHAT',35,'14.55 - 15.10','GP3',2,'Senin',45),(668,1,'GP',3,'ISTIRAHAT',39,'14.55 - 15.10','GP3',2,'Senin',46),(669,1,'GP',3,'PP',35,'15.10 - 15.50','GP3',2,'Senin',45),(670,1,'GP',3,'PKK',39,'15.10 - 15.50','GP3',2,'Senin',46),(671,1,'GP',3,'PP',35,'15.50 - 16.30','GP3',2,'Senin',45),(672,1,'GP',3,'PKK',39,'15.50 - 16.30','GP3',2,'Senin',46),(673,1,'GP',3,'PKK',39,'16.30 - 17.10','GP3',2,'Senin',46),(674,1,'GP',3,'PTOP',35,'07.45 - 08.30','GP3',2,'Selasa',45),(675,1,'GP',3,'PKK',39,'17.10 - 17.50','GP3',2,'Senin',46),(676,1,'GP',3,'PTOP',35,'08.30 - 09.15','GP3',2,'Selasa',45),(677,1,'GP',3,'BIND',39,'07.45 - 08.30','GP3',2,'Selasa',46),(678,1,'GP',3,'PTOP',35,'09.15 - 10.00','GP3',2,'Selasa',45),(679,1,'GP',3,'BIND',39,'07.00 - 07.45','GP3',2,'Selasa',46),(680,1,'GP',3,'ISTIRAHAT',35,'10.00 - 10.15','RTKJ4',2,'Selasa',45),(681,1,'GP',3,'ETP',39,'09.15 - 10.00','GP3',2,'Selasa',46),(682,1,'GP',3,'PTOP',35,'10.15 - 11.00','RTKJ2',2,'Selasa',45),(683,1,'GP',3,'ISTIRAHAT',39,'10.00 - 10.15','GP3',2,'Selasa',46),(684,1,'GP',3,'PTOP',35,'11.00 - 11.45','GP3',2,'Selasa',45),(685,1,'GP',3,'ETP',39,'10.15 - 11.00','GP3',2,'Selasa',46),(686,1,'GP',3,'ISTIRAHAT',35,'11.45 - 12.15','GP3',2,'Selasa',45),(687,1,'GP',3,'ETP',39,'11.00 - 11.45','GP3',2,'Selasa',46),(688,1,'GP',3,'PTOP',35,'12.15 - 12.55','GP3',2,'Selasa',45),(689,1,'GP',3,'ISTIRAHAT',39,'11.45 - 12.15','GP3',2,'Selasa',46),(690,1,'GP',3,'PTOP',35,'12.55 - 13.35','GP3',2,'Selasa',45),(691,1,'GP',3,'ETP',39,'12.15 - 12.55','GP3',2,'Selasa',46),(692,1,'GP',3,'PAI',35,'13.35 - 14.15','GP3',2,'Selasa',45),(693,1,'GP',3,'ETP',39,'12.55 - 13.35','GP3',2,'Selasa',46),(694,1,'GP',3,'PAI',35,'14.15 - 14.55','GP3',2,'Selasa',45),(695,1,'GP',3,'ETP',39,'13.35 - 14.15','GP3',2,'Selasa',46),(696,1,'GP',3,'ISTIRAHAT',35,'14.55 - 15.10','GP3',2,'Selasa',45),(697,1,'GP',3,'ETP',39,'14.15 - 14.55','GP3',2,'Selasa',46),(698,1,'GP',3,'PAI',35,'15.10 - 15.50','GP3',2,'Selasa',45),(699,1,'GP',3,'PTOP',39,'07.45 - 08.30','GP3',2,'Rabu',46),(700,1,'GP',3,'BING',35,'07.45 - 08.30','GP3',2,'Rabu',45),(701,1,'GP',3,'PTOP',39,'08.30 - 09.15','GP3',2,'Rabu',46),(702,1,'GP',3,'BING',35,'08.30 - 09.15','GP3',2,'Selasa',45),(703,1,'GP',3,'PTOP',39,'09.15 - 10.00','GP3',2,'Rabu',46),(704,1,'GP',3,'BING',35,'09.15 - 10.00','GP3',2,'Rabu',45),(705,1,'GP',3,'ISTIRAHAT',39,'10.00 - 10.15','GP3',2,'Rabu',46),(706,1,'GP',3,'ISTIRAHAT',35,'10.00 - 10.15','GP3',2,'Rabu',45),(707,1,'GP',3,'PTOP',39,'10.15 - 11.00','GP3',2,'Rabu',46),(708,1,'GP',3,'BING',35,'10.15 - 11.00','GP3',2,'Rabu',45),(709,1,'GP',3,'PTOP',39,'11.00 - 11.45','GP3',2,'Rabu',46),(710,1,'GP',3,'PPKN',35,'11.00 - 11.45','GP3',2,'Rabu',45),(711,1,'GP',3,'ISTIRAHAT',39,'11.45 - 12.15','GP3',2,'Rabu',46),(712,1,'GP',3,'ISTIRAHAT',35,'11.45 - 12.15','GP3',2,'Rabu',45),(713,1,'GP',3,'PTOP',39,'12.15 - 12.55','GP3',2,'Rabu',46),(714,1,'GP',3,'PPKN',35,'12.15 - 12.55','GP3',2,'Rabu',45),(715,1,'GP',3,'PTOP',39,'12.55 - 13.35','GP3',2,'Rabu',46),(716,1,'GP',3,'PKK',35,'12.55 - 13.35','GP3',2,'Rabu',45),(717,1,'GP',3,'PP',39,'13.35 - 14.15','GP3',2,'Rabu',46),(718,1,'GP',3,'PKK',35,'13.35 - 14.15','GP3',2,'Rabu',45),(719,1,'GP',3,'PP',39,'14.15 - 14.55','GP3',2,'Rabu',46),(720,1,'GP',3,'PKK',35,'14.15 - 14.55','GP3',2,'Rabu',45),(721,1,'GP',3,'ISTIRAHAT',39,'14.55 - 15.10','GP3',2,'Rabu',46),(722,1,'GP',3,'ISTIRAHAT',35,'14.55 - 15.10','GP3',2,'Rabu',45),(723,1,'GP',3,'PP',39,'15.10 - 15.50','GP3',2,'Rabu',46),(724,1,'GP',3,'PKK',35,'15.10 - 15.50','GP3',2,'Rabu',45),(725,1,'GP',3,'PP',39,'15.50 - 16.30','GP3',2,'Rabu',46),(726,1,'GP',3,'PKK',35,'15.50 - 16.30','GP3',2,'Rabu',45),(727,1,'GP',3,'PP',39,'16.30 - 17.10','GP3',2,'Rabu',46),(728,1,'GP',3,'PKK',35,'16.30 - 17.10','GP3',2,'Rabu',45),(729,1,'GP',3,'PP',39,'17.10 - 17.50','GP3',2,'Rabu',46),(730,1,'GP',3,'PKK',35,'17.10 - 17.50','GP3',2,'Rabu',45),(731,1,'GP',3,'PPKN',39,'07.45 - 08.30','GP3',2,'Kamis',46),(732,1,'GP',3,'GEOTEK',35,'07.45 - 08.30','GP3',2,'Kamis',45),(733,1,'GP',3,'PPKN',39,'08.30 - 09.15','GP3',2,'Kamis',46),(734,1,'GP',3,'GEOTEK',35,'08.30 - 09.15','GP3',2,'Kamis',45),(735,1,'GP',3,'PAI',39,'09.15 - 10.00','GP3',2,'Kamis',46),(736,1,'GP',3,'GEOTEK',35,'09.15 - 10.00','GP3',2,'Kamis',45),(737,1,'GP',3,'ISTIRAHAT',39,'10.00 - 10.15','GP3',2,'Kamis',46),(738,1,'GP',3,'ISTIRAHAT',35,'10.00 - 10.15','GP3',2,'Kamis',45),(739,1,'GP',3,'PAI',39,'10.15 - 11.00','GP3',2,'Kamis',46),(740,1,'GP',3,'GEOTEK',35,'10.15 - 11.00','GP3',2,'Kamis',45),(741,1,'GP',3,'PAI',39,'11.00 - 11.45','GP3',2,'Kamis',46),(742,1,'GP',3,'GEOTEK',35,'11.00 - 11.45','GP3',2,'Kamis',45),(743,1,'GP',3,'ISTIRAHAT',39,'11.45 - 12.15','GP3',2,'Kamis',46),(744,1,'GP',3,'ISTIRAHAT',35,'11.45 - 12.15','GP3',2,'Kamis',45),(745,1,'GP',3,'BING',39,'12.15 - 12.55','GP3',2,'Kamis',46),(746,1,'GP',3,'GEOTEK',35,'12.15 - 12.55','GP3',2,'Kamis',45),(747,1,'GP',3,'BING',39,'12.55 - 13.35','GP3',2,'Kamis',46),(748,1,'GP',3,'BJAWA',35,'12.55 - 13.35','GP3',2,'Kamis',45),(749,1,'GP',3,'BING',39,'13.35 - 14.15','GP3',2,'Kamis',46),(750,1,'GP',3,'BJAWA',35,'13.35 - 14.15','GP3',2,'Kamis',45),(751,1,'GP',3,'BING',39,'14.15 - 14.55','GP3',2,'Kamis',46),(752,1,'GP',3,'JUMAT',35,'07.00 - 07.45','GP3',2,'Jumat',45),(753,1,'GP',3,'JUMAT',39,'07.00 - 07.45','GP3',2,'Jumat',46),(754,1,'GP',3,'BIND',35,'07.45 - 08.30','GP3',2,'Jumat',45),(755,1,'GP',3,'GEOTEK',39,'07.45 - 08.30','GP3',2,'Jumat',46),(756,1,'GP',3,'BIND',35,'08.30 - 09.15','GP3',2,'Jumat',45),(757,1,'GP',3,'GEOTEK',39,'08.30 - 09.15','GP3',2,'Jumat',46),(758,1,'GP',3,'MTK',35,'09.15 - 10.00','GP3',2,'Jumat',45),(759,1,'GP',3,'GEOTEK',39,'09.15 - 10.00','GP3',2,'Jumat',46),(760,1,'GP',3,'ISTIRAHAT',35,'10.00 - 10.15','GP3',2,'Jumat',45),(761,1,'GP',3,'ISTIRAHAT',39,'10.00 - 10.15','GP3',2,'Jumat',46),(762,1,'GP',3,'MTK',35,'10.15 - 11.00','GP3',2,'Jumat',45),(763,1,'GP',3,'GEOTEK',39,'10.15 - 11.00','GP3',2,'Jumat',46),(764,1,'GP',3,'MTK',35,'11.00 - 11.45','GP3',2,'Jumat',45),(765,1,'GP',3,'GEOTEK',39,'11.00 - 11.45','GP3',2,'Jumat',46),(766,1,'TPMP',3,'SENIN',67,'07.00 - 07.45','TPMP3',2,'Senin',77),(767,1,'TPMP',3,'SENIN',71,'07.00 - 07.45','TPMP3',2,'Senin',78),(768,1,'TPMP',3,'TIK',67,'07.45 - 08.30','TPMP3',2,'Senin',77),(769,1,'TPMP',3,'TIK',71,'07.45 - 08.30','TPMP3',2,'Senin',78),(770,1,'TPMP',3,'TIK',67,'08.30 - 09.15','TPMP3',2,'Senin',77),(771,1,'TPMP',3,'TIK',71,'08.30 - 09.15','TPMP3',2,'Senin',78),(772,1,'TPMP',3,'TIK',67,'09.15 - 10.00','TPMP3',2,'Senin',77),(773,1,'TPMP',3,'TIK',71,'09.15 - 10.00','TPMP3',2,'Senin',78),(774,1,'TPMP',3,'ISTIRAHAT',67,'10.00 - 10.15','TPMP3',2,'Senin',77),(775,1,'TPMP',3,'ISTIRAHAT',71,'10.00 - 10.15','TPMP3',2,'Senin',78),(776,1,'TPMP',3,'BING',67,'10.15 - 11.00','TPMP3',2,'Senin',77),(777,1,'TPMP',3,'BING',71,'10.15 - 11.00','TPMP3',2,'Senin',78),(778,1,'TPMP',3,'BING',67,'11.00 - 11.45','TPMP3',2,'Senin',77),(779,1,'TPMP',3,'BING',71,'11.00 - 11.45','TPMP3',2,'Senin',78),(780,1,'TPMP',3,'ISTIRAHAT',67,'11.45 - 12.15','TPMP3',2,'Senin',77),(781,1,'TPMP',3,'ISTIRAHAT',71,'11.45 - 12.15','TPMP3',2,'Senin',78),(782,1,'TPMP',3,'BING',67,'12.15 - 12.55','TPMP3',2,'Senin',77),(783,1,'TPMP',3,'BING',71,'12.15 - 12.55','TPMP3',2,'Senin',78),(784,1,'TPMP',3,'BING',67,'12.55 - 13.35','TPMP3',2,'Senin',77),(785,1,'TPMP',3,'BING',71,'12.55 - 13.35','TPMP3',2,'Senin',78),(786,1,'TPMP',3,'BJAWA',67,'13.35 - 14.15','TPMP3',2,'Senin',77),(787,1,'TPMP',3,'BJAWA',71,'13.35 - 14.15','TPMP3',2,'Senin',78),(788,1,'TPMP',3,'BJAWA',67,'14.15 - 14.55','TPMP3',2,'Senin',77),(789,1,'TPMP',3,'BJAWA',71,'14.15 - 14.55','TPMP3',2,'Senin',78),(790,1,'TPMP',3,'PMSH',67,'07.45 - 08.30','TPMP3',2,'Selasa',77),(791,1,'TPMP',3,'PMSH',71,'07.45 - 08.30','TPMP3',2,'Selasa',78),(792,1,'TPMP',3,'PMSH',67,'08.30 - 09.15','TPMP3',2,'Selasa',77),(793,1,'TPMP',3,'PMSH',71,'08.30 - 09.15','TPMP3',2,'Selasa',78),(794,1,'TPMP',3,'PMSH',67,'09.15 - 10.00','TPMP3',2,'Selasa',77),(795,1,'TPMP',3,'PMSH',71,'09.15 - 10.00','TPMP3',2,'Selasa',78),(796,1,'TPMP',3,'ISTIRAHAT',67,'10.00 - 10.15','TPMP3',2,'Selasa',77),(797,1,'TPMP',3,'ISTIRAHAT',71,'10.00 - 10.15','TPMP3',2,'Selasa',78),(798,1,'TPMP',3,'PMSH',67,'10.15 - 11.00','TPMP3',2,'Selasa',77),(799,1,'TPMP',3,'PMSH',71,'10.15 - 11.00','TPMP3',2,'Selasa',78),(800,1,'TPMP',3,'PMSH',67,'11.00 - 11.45','TPMP3',2,'Selasa',77),(801,1,'TPMP',3,'PMSH',71,'11.00 - 11.45','TPMP3',2,'Selasa',78),(802,1,'TPMP',3,'ISTIRAHAT',67,'11.45 - 12.15','TPMP3',2,'Selasa',77),(803,1,'TPMP',3,'ISTIRAHAT',71,'11.45 - 12.15','TPMP3',2,'Selasa',78),(804,1,'TPMP',3,'PMSH',67,'12.15 - 12.55','TPMP3',2,'Selasa',77),(805,1,'TPMP',3,'PMSH',71,'12.15 - 12.55','TPMP3',2,'Selasa',78),(806,1,'TPMP',3,'PPU',67,'12.55 - 13.35','TPMP3',2,'Selasa',77),(807,1,'TPMP',3,'PPU',71,'12.55 - 13.35','TPMP3',2,'Selasa',78),(808,1,'TPMP',3,'PPU',67,'13.35 - 14.15','TPMP3',2,'Selasa',77),(809,1,'TPMP',3,'PPU',71,'13.35 - 14.15','TPMP3',2,'Selasa',78),(810,1,'TPMP',3,'PPU',67,'14.15 - 14.55','TPMP3',2,'Selasa',77),(811,1,'TPMP',3,'PPU',71,'14.15 - 14.55','TPMP3',2,'Selasa',78),(812,1,'TPMP',3,'ISTIRAHAT',67,'14.55 - 15.10','TPMP3',2,'Selasa',77),(813,1,'TPMP',3,'ISTIRAHAT',71,'14.55 - 15.10','TPMP3',2,'Selasa',78),(814,1,'TPMP',3,'PPU',67,'15.10 - 15.50','TPMP3',2,'Selasa',77),(815,1,'TPMP',3,'PPU',71,'15.10 - 15.50','TPMP3',2,'Selasa',78),(816,1,'TPMP',3,'PPU',67,'15.50 - 16.30','TPMP3',2,'Selasa',77),(817,1,'TPMP',3,'PPU',71,'15.50 - 16.30','TPMP3',2,'Selasa',78),(818,1,'TPMP',3,'PPU',67,'16.30 - 17.10','TPMP3',2,'Selasa',77),(819,1,'TPMP',3,'PPU',71,'16.30 - 17.10','TPMP3',2,'Selasa',78),(820,1,'TPMP',3,'PPKN',67,'07.45 - 08.30','TPMP3',2,'Rabu',77),(821,1,'TPMP',3,'PPKN',71,'07.45 - 08.30','TPMP3',2,'Rabu',78),(822,1,'TPMP',3,'PPKN',67,'08.30 - 09.15','TPMP3',2,'Rabu',77),(823,1,'TPMP',3,'PPKN',71,'08.30 - 09.15','TPMP3',2,'Rabu',78),(824,1,'TPMP',3,'BIND',67,'09.15 - 10.00','TPMP3',2,'Rabu',77),(825,1,'TPMP',3,'BIND',71,'09.15 - 10.00','TPMP3',2,'Rabu',78),(826,1,'TPMP',3,'ISTIRAHAT',67,'10.00 - 10.15','TPMP3',2,'Rabu',77),(827,1,'TPMP',3,'ISTIRAHAT',71,'10.00 - 10.15','TPMP3',2,'Rabu',78),(828,1,'TPMP',3,'BIND',67,'10.15 - 11.00','TPMP3',2,'Rabu',77),(829,1,'TPMP',3,'BIND',71,'10.15 - 11.00','TPMP3',2,'Rabu',78),(830,1,'TPMP',3,'GP',67,'11.00 - 11.45','TPMP3',2,'Rabu',77),(831,1,'TPMP',3,'GP',71,'11.00 - 11.45','TPMP3',2,'Rabu',78),(832,1,'TPMP',3,'ISTIRAHAT',67,'11.45 - 12.15','TPMP3',2,'Rabu',77),(833,1,'TPMP',3,'ISTIRAHAT',71,'11.45 - 12.15','TPMP3',2,'Rabu',78),(834,1,'TPMP',3,'GP',67,'12.15 - 12.55','TPMP3',2,'Rabu',77),(835,1,'TPMP',3,'GP',71,'12.15 - 12.55','TPMP3',2,'Rabu',78),(836,1,'TPMP',3,'GP',67,'12.55 - 13.35','TPMP3',2,'Rabu',77),(837,1,'TPMP',3,'GP',71,'12.55 - 13.35','TPMP3',2,'Rabu',78),(838,1,'TPMP',3,'GP',67,'13.35 - 14.15','TPMP3',2,'Rabu',77),(839,1,'TPMP',3,'GP',71,'13.35 - 14.15','TPMP3',2,'Rabu',78),(840,1,'TPMP',3,'MTK',67,'14.15 - 14.55','TPMP3',2,'Rabu',77),(841,1,'TPMP',3,'MTK',71,'14.15 - 14.55','TPMP3',2,'Rabu',78),(842,1,'TPMP',3,'ISTIRAHAT',67,'14.55 - 15.10','TPMP3',2,'Rabu',77),(843,1,'TPMP',3,'ISTIRAHAT',71,'14.55 - 15.10','TPMP3',2,'Rabu',78),(844,1,'TPMP',3,'MTK',67,'15.10 - 15.50','TPMP3',2,'Rabu',77),(845,1,'TPMP',3,'MTK',71,'15.10 - 15.50','TPMP3',2,'Rabu',78),(846,1,'TPMP',3,'MTK',67,'15.50 - 16.30','TPMP3',2,'Rabu',77),(847,1,'TPMP',3,'MTK',71,'15.50 - 16.30','TPMP3',2,'Rabu',78),(848,1,'TPMP',3,'MTK',67,'16.30 - 17.10','TPMP3',2,'Rabu',77),(849,1,'TPMP',3,'MTK',71,'16.30 - 17.10','TPMP3',2,'Rabu',78),(850,1,'TPMP',3,'PPMP',67,'07.45 - 08.30','TPMP3',2,'Kamis',77),(851,1,'TPMP',3,'PPMP',71,'07.45 - 08.30','TPMP3',2,'Kamis',78),(852,1,'TPMP',3,'PPMP',67,'08.30 - 09.15','TPMP3',2,'Kamis',77),(853,1,'TPMP',3,'PPMP',71,'08.30 - 09.15','TPMP3',2,'Kamis',78),(854,1,'TPMP',3,'PPMP',67,'09.15 - 10.00','TPMP3',2,'Kamis',77),(855,1,'TPMP',3,'PPMP',71,'09.15 - 10.00','TPMP3',2,'Kamis',78),(856,1,'TPMP',3,'ISTIRAHAT',67,'10.00 - 10.15','TPMP3',2,'Kamis',77),(857,1,'TPMP',3,'ISTIRAHAT',71,'10.00 - 10.15','TPMP3',2,'Kamis',78),(858,1,'TPMP',3,'PPMP',67,'10.15 - 11.00','TPMP3',2,'Kamis',77),(859,1,'TPMP',3,'PPMP',71,'10.15 - 11.00','TPMP3',2,'Kamis',78),(860,1,'TPMP',3,'PPMP',67,'11.00 - 11.45','TPMP3',2,'Kamis',77),(861,1,'TPMP',3,'PPMP',71,'11.00 - 11.45','TPMP3',2,'Kamis',78),(862,1,'TPMP',3,'ISTIRAHAT',67,'11.45 - 12.15','TPMP3',2,'Kamis',77),(863,1,'TPMP',3,'ISTIRAHAT',71,'11.45 - 12.15','TPMP3',2,'Kamis',78),(864,1,'TPMP',3,'PPMP',67,'12.15 - 12.55','TPMP3',2,'Kamis',77),(865,1,'TPMP',3,'PPMP',71,'12.15 - 12.55','TPMP3',2,'Kamis',78),(866,1,'TPMP',3,'PAI',67,'12.55 - 13.35','TPMP3',2,'Kamis',77),(867,1,'TPMP',3,'PAI',71,'12.55 - 13.35','TPMP3',2,'Kamis',78),(868,1,'TPMP',3,'PAI',67,'13.35 - 14.15','TPMP3',2,'Kamis',77),(869,1,'TPMP',3,'PAI',71,'13.35 - 14.15','TPMP3',2,'Kamis',78),(870,1,'TPMP',3,'PAI',67,'14.15 - 14.55','TPMP3',2,'Kamis',77),(871,1,'TPMP',3,'PAI',71,'14.15 - 14.55','TPMP3',2,'Kamis',78),(872,1,'TPMP',3,'JUMAT',67,'07.00 - 07.45','TPMP3',2,'Jumat',77),(873,1,'TPMP',3,'JUMAT',71,'07.00 - 07.45','TPMP3',2,'Jumat',78),(874,1,'TPMP',3,'PKK',67,'07.45 - 08.30','TPMP3',2,'Jumat',77),(875,1,'TPMP',3,'PKK',71,'07.45 - 08.30','TPMP3',2,'Jumat',78),(876,1,'TPMP',3,'PKK',67,'08.30 - 09.15','TPMP3',2,'Jumat',77),(877,1,'TPMP',3,'PKK',71,'08.30 - 09.15','TPMP3',2,'Jumat',78),(878,1,'TPMP',3,'PKK',67,'09.15 - 10.00','TPMP3',2,'Jumat',77),(879,1,'TPMP',3,'PKK',71,'09.15 - 10.00','TPMP3',2,'Jumat',78),(880,1,'TPMP',3,'ISTIRAHAT',67,'10.00 - 10.15','TPMP3',2,'Jumat',77),(881,1,'TPMP',3,'ISTIRAHAT',71,'10.00 - 10.15','TPMP3',2,'Jumat',78),(882,1,'TPMP',3,'PKK',67,'10.15 - 11.00','TPMP3',2,'Jumat',77),(883,1,'TPMP',3,'PKK',71,'10.15 - 11.00','TPMP3',2,'Jumat',78),(884,1,'TPMP',3,'PKK',67,'11.00 - 11.45','TPMP3',2,'Jumat',77),(885,1,'TPMP',3,'PKK',71,'11.00 - 11.45','TPMP3',2,'Jumat',78),(886,1,'TPMP',3,'IBADAH',67,'11.45 - 12.15','TPMP3',2,'Jumat',77),(887,1,'TPMP',3,'IBADAH',71,'11.45 - 12.15','TPMP3',2,'Jumat',78),(888,1,'TPMP',3,'IBADAH',67,'12.15 - 12.55','TPMP3',2,'Jumat',77),(889,1,'TPMP',3,'IBADAH',71,'12.15 - 12.55','TPMP3',2,'Jumat',78),(890,1,'TPMP',3,'ISTIRAHAT',67,'12.55 - 13.35','TPMP3',2,'Jumat',77),(891,1,'TPMP',3,'ISTIRAHAT',71,'12.55 - 13.35','TPMP3',2,'Jumat',78),(892,1,'TPMP',3,'PKK',67,'13.35 - 14.15','TPMP3',2,'Jumat',77),(893,1,'TPMP',3,'PKK',71,'13.35 - 14.15','TPMP3',2,'Jumat',78),(894,1,'TPMP',3,'PKK',67,'14.15 - 14.55','TPMP3',2,'Jumat',77),(895,1,'TPMP',3,'PKK',71,'14.15 - 14.55','TPMP3',2,'Jumat',78),(1659,1,'TKJ',3,'SENIN',27,'07.00-07.45','RTKJ3',2,'Senin',37),(1660,1,'TKJ',3,'ASJ',27,'07.45-08.30','RTKJ3',2,'Senin',37),(1661,1,'TKJ',3,'ASJ',27,'08.30-09.15','RTKJ3',2,'Senin',37),(1662,1,'TKJ',3,'ASJ',27,'09.15-10.00','RTKJ3',2,'Senin',37),(1663,1,'TKJ',3,'ISTIRAHAT',27,'10.00-10.15','RTKJ3',2,'Senin',37),(1664,1,'TKJ',3,'ASJ',27,'10.15-11.00','RTKJ3',2,'Senin',37),(1665,1,'TKJ',3,'ASJ',27,'11.00-11.45','RTKJ3',2,'Senin',37),(1666,1,'TKJ',3,'ISTIRAHAT',27,'11.45-12.15','RTKJ3',2,'Senin',37),(1667,1,'TKJ',3,'ADMI',27,'12.15-12.55','RTKJ3',2,'Senin',37),(1668,1,'TKJ',3,'ADMI',27,'12.55-13.35','RTKJ3',2,'Senin',37),(1669,1,'TKJ',3,'ADMI',27,'13.35-14.15','RTKJ3',2,'Senin',37),(1670,1,'TKJ',3,'ADMI',27,'14.15-14.55','RTKJ3',2,'Senin',37),(1671,1,'TKJ',3,'SENIN',31,'07.00-07.45','RTKJ3',2,'Senin',38),(1672,1,'TKJ',3,'MTK',31,'07.45-08.30','RUTOR24',2,'Senin',38),(1673,1,'TKJ',3,'MTK',31,'08.30-09.15','RTKJ3',2,'Senin',38),(1674,1,'TKJ',3,'PPKN',31,'09.15-10.00','RTKJ3',2,'Senin',38),(1675,1,'TKJ',3,'ISTIRAHAT',31,'10.00-10.15','RTKJ3',2,'Senin',38),(1676,1,'TKJ',3,'BING',31,'10.15-11.00','RTKJ3',2,'Senin',38),(1677,1,'TKJ',3,'BING',31,'11.00-11.45','RTKJ3',2,'Senin',38),(1678,1,'TKJ',3,'ISTIRAHAT',31,'11.45-12.15','RTKJ3',2,'Senin',38),(1679,1,'TKJ',3,'BING',31,'12.15-12.55','RTKJ3',2,'Senin',38),(1680,1,'TKJ',3,'BING',31,'12.55-13.35','RTKJ3',2,'Senin',38),(1681,1,'TKJ',3,'BIND',31,'13.35-14.15','RTKJ3',2,'Senin',38),(1682,1,'TKJ',3,'BIND',31,'14.15-14.55','RTKJ3',2,'Senin',38),(1683,1,'TKJ',3,'ISTIRAHAT',31,'14.55-15.10','RTKJ3',2,'Senin',38),(1684,1,'TKJ',3,'BJAWA',31,'15.10-15.50','RTKJ3',2,'Senin',38),(1685,1,'TKJ',3,'BJAWA',31,'15.50-16.30','RTKJ3',2,'Senin',38),(1686,1,'TKJ',3,'BJAWA',27,'07.45-08.30','RTKJ3',2,'Selasa',37),(1687,1,'TKJ',3,'BJAWA',27,'08.30-09.15','RTKJ3',2,'Selasa',37),(1688,1,'TKJ',3,'BJAWA',27,'09.15-10.00','RTKJ3',2,'Selasa',37),(1689,1,'TKJ',3,'ISTIRAHAT',27,'10.00-10.15','RTKJ3',2,'Selasa',37),(1690,1,'TKJ',3,'BJAWA',27,'10.15-11.00','RTKJ3',2,'Selasa',37),(1691,1,'TKJ',3,'BJAWA',27,'11.00-11.45','RTKJ3',2,'Selasa',37),(1692,1,'TKJ',3,'ISTIRAHAT',27,'11.45-12.15','RTKJ3',2,'Selasa',37),(1693,1,'TKJ',3,'BJAWA',27,'12.15-12.55','RTKJ3',2,'Selasa',37),(1694,1,'TKJ',3,'BJAWA',27,'12.55-13.35','RTKJ3',2,'Selasa',37),(1695,1,'TKJ',3,'BJAWA',27,'13.35-14.15','RTKJ3',2,'Selasa',37),(1696,1,'TKJ',3,'BJAWA',27,'14.15-14.55','RTKJ3',2,'Selasa',37),(1697,1,'TKJ',3,'ISTIRAHAT',27,'14.55-15.10','RTKJ3',2,'Selasa',37),(1698,1,'TKJ',3,'BJAWA',27,'15.10-15.50','RTKJ3',2,'Selasa',37),(1699,1,'TKJ',3,'SIOT',31,'07.45-08.30','RTKJ3',2,'Selasa',38),(1700,1,'TKJ',3,'SIOT',31,'08.30-09.15','RTKJ3',2,'Selasa',38),(1701,1,'TKJ',3,'SIOT',31,'09.15-10.00','RTKJ3',2,'Selasa',38),(1702,1,'TKJ',3,'ISTIRAHAT',31,'10.00-10.15','RTKJ3',2,'Selasa',38),(1703,1,'TKJ',3,'SIOT',31,'10.15-11.00','RTKJ3',2,'Selasa',38),(1704,1,'TKJ',3,'SIOT',31,'11.00-11.45','RTKJ3',2,'Selasa',38),(1705,1,'TKJ',3,'ISTIRAHAT',31,'11.45-12.15','RTKJ3',2,'Selasa',38),(1706,1,'TKJ',3,'PKA',31,'12.15-12.55','RTKJ3',2,'Selasa',38),(1707,1,'TKJ',3,'PKA',31,'12.55-13.35','RTKJ3',2,'Selasa',38),(1708,1,'TKJ',3,'PKA',31,'13.35-14.15','RTKJ3',2,'Selasa',38),(1709,1,'TKJ',3,'PKA',31,'14.15-14.55','RTKJ3',2,'Selasa',38),(1710,1,'TKJ',3,'ISTIRAHAT',31,'14.55-15.10','RTKJ3',2,'Selasa',38),(1711,1,'TKJ',3,'PKA',31,'15.10-15.50','RTKJ3',2,'Selasa',38),(1712,1,'TKJ',3,'BJAWA',27,'07.45-08.30','RTKJ3',2,'Rabu',37),(1713,1,'TKJ',3,'BJAWA',27,'08.30-09.15','RTKJ3',2,'Rabu',37),(1714,1,'TKJ',3,'BJAWA',27,'09.15-10.00','RTKJ3',2,'Rabu',37),(1715,1,'TKJ',3,'ISTIRAHAT',27,'10.00-10.15','RTKJ3',2,'Rabu',37),(1716,1,'TKJ',3,'BJAWA',27,'10.15-11.00','RTKJ3',2,'Rabu',37),(1717,1,'TKJ',3,'BJAWA',27,'11.00-11.45','RTKJ3',2,'Rabu',37),(1718,1,'TKJ',3,'ISTIRAHAT',27,'11.45-12.15','RTKJ3',2,'Rabu',37),(1719,1,'TKJ',3,'BJAWA',27,'12.15-12.55','RTKJ3',2,'Rabu',37),(1720,1,'TKJ',3,'BJAWA',27,'12.55-13.35','RTKJ3',2,'Rabu',37),(1721,1,'TKJ',3,'BJAWA',27,'13.35-14.15','RTKJ3',2,'Rabu',37),(1722,1,'TKJ',3,'BJAWA',27,'14.15-14.55','RTKJ3',2,'Rabu',37),(1723,1,'TKJ',3,'ISTIRAHAT',27,'14.55-15.10','RTKJ3',2,'Rabu',37),(1724,1,'TKJ',3,'BJAWA',27,'15.10-15.50','RTKJ3',2,'Rabu',37),(1725,1,'TKJ',3,'BJAWA',27,'15.50-16.30','RTKJ3',2,'Rabu',37),(1726,1,'TKJ',3,'BJAWA',27,'16.30-17.10','RTKJ3',2,'Rabu',37),(1727,1,'TKJ',3,'BJAWA',27,'17.10-17.50','RTKJ3',2,'Rabu',37),(1728,1,'TKJ',3,'SKJ',31,'07.45-08.30','RTKJ3',2,'Rabu',38),(1729,1,'TKJ',3,'SKJ',31,'08.30-09.15','RTKJ3',2,'Rabu',38),(1730,1,'TKJ',3,'SKJ',31,'09.15-10.00','RTKJ3',2,'Rabu',38),(1731,1,'TKJ',3,'ISTIRAHAT',31,'10.00-10.15','RTKJ3',2,'Rabu',38),(1732,1,'TKJ',3,'SKJ',31,'10.15-11.00','RTKJ3',2,'Rabu',38),(1733,1,'TKJ',3,'PKA',31,'11.00-11.45','RTKJ3',2,'Rabu',38),(1734,1,'TKJ',3,'ISTIRAHAT',31,'11.45-12.15','RTKJ3',2,'Rabu',38),(1735,1,'TKJ',3,'PKA',31,'12.15-12.55','RTKJ3',2,'Rabu',38),(1736,1,'TKJ',3,'PKA',31,'12.55-13.35','RTKJ3',2,'Rabu',38),(1737,1,'TKJ',3,'PKA',31,'13.35-14.15','RTKJ3',2,'Rabu',38),(1738,1,'TKJ',3,'PKA',31,'14.15-14.55','RTKJ3',2,'Rabu',38),(1739,1,'TKJ',3,'ISTIRAHAT',31,'14.55-15.10','RTKJ3',2,'Rabu',38),(1740,1,'TKJ',3,'PKA',31,'15.10-15.50','RTKJ3',2,'Rabu',38),(1741,1,'TKJ',3,'BJAWA',27,'07.45-08.30','RTKJ3',2,'Kamis',37),(1742,1,'TKJ',3,'BJAWA',27,'08.30-09.15','RTKJ3',2,'Kamis',37),(1743,1,'TKJ',3,'BJAWA',27,'09.15-10.00','RTKJ3',2,'Kamis',37),(1744,1,'TKJ',3,'ISTIRAHAT',27,'10.00-10.15','RTKJ3',2,'Kamis',37),(1745,1,'TKJ',3,'BJAWA',27,'10.15-11.00','RTKJ3',2,'Kamis',37),(1746,1,'TKJ',3,'BJAWA',27,'11.00-11.45','RTKJ3',2,'Kamis',37),(1747,1,'TKJ',3,'ISTIRAHAT',27,'11.45-12.15','RTKJ3',2,'Kamis',37),(1748,1,'TKJ',3,'BJAWA',27,'12.15-12.55','RTKJ3',2,'Kamis',37),(1749,1,'TKJ',3,'BJAWA',27,'12.55-13.35','RTKJ3',2,'Kamis',37),(1750,1,'TKJ',3,'BJAWA',27,'13.35-14.15','RTKJ3',2,'Kamis',37),(1751,1,'TKJ',3,'BJAWA',27,'14.15-14.55','RTKJ3',2,'Kamis',37),(1752,1,'TKJ',3,'PKK',31,'07.45-08.30','RTKJ3',2,'Kamis',38),(1753,1,'TKJ',3,'PKK',31,'08.30-09.15','RTKJ3',2,'Kamis',38),(1754,1,'TKJ',3,'PKK',31,'09.15-10.00','RTKJ3',2,'Kamis',38),(1755,1,'TKJ',3,'ISTIRAHAT',31,'10.00-10.15','RTKJ3',2,'Kamis',38),(1756,1,'TKJ',3,'PKK',31,'10.15-11.00','RTKJ3',2,'Kamis',38),(1757,1,'TKJ',3,'IKOMA',31,'11.00-11.45','RTKJ3',2,'Kamis',38),(1758,1,'TKJ',3,'ISTIRAHAT',31,'11.45-12.15','RTKJ3',2,'Kamis',38),(1759,1,'TKJ',3,'IKOMA',31,'12.15-12.55','RTKJ3',2,'Kamis',38),(1760,1,'TKJ',3,'IKOMA',31,'12.55-13.35','RTKJ3',2,'Kamis',38),(1761,1,'TKJ',3,'IKOMA',31,'13.35-14.15','RTKJ3',2,'Kamis',38),(1762,1,'TKJ',3,'IKOMA',31,'14.15-14.55','RTKJ3',2,'Kamis',38),(1763,1,'TKJ',3,'JUMAT',27,'07.00-07.45','RTKJ3',2,'Jumat',37),(1764,1,'TKJ',3,'MTK',27,'07.45-08.30','RTKJ3',2,'Jumat',37),(1765,1,'TKJ',3,'MTK',27,'08.30-09.15','RTKJ3',2,'Jumat',37),(1766,1,'TKJ',3,'PKK',27,'09.15-10.00','RTKJ3',2,'Jumat',37),(1767,1,'TKJ',3,'ISTIRAHAT',27,'10.00-10.15','RTKJ3',2,'Jumat',37),(1768,1,'TKJ',3,'PKK',27,'10.15-11.00','RTKJ3',2,'Jumat',37),(1769,1,'TKJ',3,'PKK',27,'11.00-11.45','RTKJ3',2,'Jumat',37),(1770,1,'TKJ',3,'IBADAH',27,'11.45-12.15','RTKJ3',2,'Jumat',37),(1771,1,'TKJ',3,'IBADAH',27,'12.15-12.55','RTKJ3',2,'Jumat',37),(1772,1,'TKJ',3,'PKK',27,'12.55-13.35','RTKJ3',2,'Jumat',37),(1773,1,'TKJ',3,'PKK',27,'13.35-14.15','RTKJ3',2,'Jumat',37),(1774,1,'TKJ',3,'JUMAT',31,'07.00-07.45','RTKJ3',2,'Jumat',38),(1775,1,'TKJ',3,'PKK',31,'07.45-08.30','RTKJ3',2,'Jumat',38),(1776,1,'TKJ',3,'PKK',31,'08.30-09.15','RTKJ3',2,'Jumat',38),(1777,1,'TKJ',3,'PKK',31,'09.15-10.00','RTKJ3',2,'Jumat',38),(1778,1,'TKJ',3,'ISTIRAHAT',31,'10.00-10.15','RTKJ3',2,'Jumat',38),(1779,1,'TKJ',3,'MTK',31,'10.15-11.00','RTKJ3',2,'Jumat',38),(1780,1,'TKJ',3,'MTK',31,'11.00-11.45','RTKJ3',2,'Jumat',38),(1781,1,'TKJ',3,'IBADAH',31,'11.45-12.15','RTKJ3',2,'Jumat',38),(1782,1,'TKJ',3,'IBADAH',31,'12.15-12.55','RTKJ3',2,'Jumat',38),(1783,1,'TKJ',3,'ISTIRAHAT',31,'12.55-13.35','RTKJ3',2,'Jumat',38),(1784,1,'TKJ',3,'PAI',31,'13.35-14.15','RTKJ3',2,'Jumat',38),(1785,1,'TKJ',3,'PAI',31,'14.15-14.55','RTKJ3',2,'Jumat',38),(1786,1,'TKJ',3,'ISTIRAHAT',31,'14.55-15.10','RTKJ3',2,'Jumat',38),(1787,1,'TKJ',3,'PKK',31,'15.10-15.50','RTKJ3',2,'Jumat',38),(1788,1,'TAV',3,'SENIN',3,'07.00-07.45','RTAV3',2,'Senin',5),(1789,1,'TAV',3,'PKK',3,'07.45-08.30','RTAV3',2,'Senin',5),(1790,1,'TAV',3,'PKK',3,'08.30-09.15','RTAV3',2,'Senin',5),(1791,1,'TAV',3,'PKK',3,'09.15-10.00','RTAV3',2,'Senin',5),(1792,1,'TAV',3,'ISTIRAHAT',3,'10.00-10.15','RTAV3',2,'Senin',5),(1793,1,'TAV',3,'PKK',3,'10.15-11.00','RTAV3',2,'Senin',5),(1794,1,'TAV',3,'PKK',3,'11.00-11.45','RTAV3',2,'Senin',5),(1795,1,'TAV',3,'ISTIRAHAT',3,'11.45-12.15','RTAV3',2,'Senin',5),(1796,1,'TAV',3,'PKK',3,'12.15-12.55','RTAV3',2,'Senin',5),(1797,1,'TAV',3,'PSRTV',3,'12.55-13.35','RTAV3',2,'Senin',5),(1798,1,'TAV',3,'PSRTV',3,'13.35-14.15','RTAV3',2,'Senin',5),(1799,1,'TAV',3,'PSRTV',3,'14.15-14.55','RTAV3',2,'Senin',5),(1800,1,'TAV',3,'ISTIRAHAT',3,'14.55-15.10','RTAV3',2,'Senin',5),(1801,1,'TAV',3,'PSRTV',3,'15.10-15.50','RTAV3',2,'Senin',5),(1802,1,'TAV',3,'PSRTV',3,'15.50-16.30','RTAV3',2,'Senin',5),(1803,1,'TAV',3,'PSRTV',3,'16.30-17.10','RTAV3',2,'Senin',5),(1804,1,'TAV',3,'SENIN',5,'07.00-07.45','RTAV3',2,'Senin',6),(1805,1,'TAV',3,'IPPSTGE',5,'07.45-08.30','RTAV3',2,'Senin',6),(1806,1,'TAV',3,'IPPSTGE',5,'08.30-09.15','RTAV3',2,'Senin',6),(1807,1,'TAV',3,'IPPSTGE',5,'09.15-10.00','RTAV3',2,'Senin',6),(1808,1,'TAV',3,'ISTIRAHAT',5,'10.00-10.15','RTAV3',2,'Senin',6),(1809,1,'TAV',3,'IPPSTGE',5,'10.15-11.00','RTAV3',2,'Senin',6),(1810,1,'TAV',3,'PAI',5,'11.00-11.45','RTAV3',2,'Senin',6),(1811,1,'TAV',3,'ISTIRAHAT',5,'11.45-12.15','RTAV3',2,'Senin',6),(1812,1,'TAV',3,'PAI',5,'12.15-12.55','RTAV3',2,'Senin',6),(1813,1,'TAV',3,'PAI',5,'12.55-13.35','RTAV3',2,'Senin',6),(1814,1,'TAV',3,'BING',3,'07.45-08.30','RTAV3',2,'Selasa',5),(1815,1,'TAV',3,'BING',3,'08.30-09.15','RTAV3',2,'Selasa',5),(1816,1,'TAV',3,'BING',3,'09.15-10.00','RTAV3',2,'Selasa',5),(1817,1,'TAV',3,'ISTIRAHAT',3,'10.00-10.15','RTAV3',2,'Selasa',5),(1818,1,'TAV',3,'BING',3,'10.15-11.00','RTAV3',2,'Selasa',5),(1819,1,'TAV',3,'MTK',3,'11.00-11.45','RTAV3',2,'Selasa',5),(1820,1,'TAV',3,'ISTIRAHAT',3,'11.45-12.15','RTAV3',2,'Selasa',5),(1821,1,'TAV',3,'MTK',3,'12.15-12.55','RTAV3',2,'Selasa',5),(1822,1,'TAV',3,'MTK',3,'12.55-13.35','RTAV3',2,'Selasa',5),(1823,1,'TAV',3,'MTK',3,'13.35-14.15','RTAV3',2,'Selasa',5),(1824,1,'TAV',3,'BIND',3,'14.15-14.55','RTAV3',2,'Selasa',5),(1825,1,'TAV',3,'ISTIRAHAT',3,'14.55-15.10','RTAV3',2,'Selasa',5),(1826,1,'TAV',3,'BIND',3,'15.10-15.50','RTAV3',2,'Selasa',5),(1827,1,'TAV',3,'PREDK',5,'07.45-08.30','RTAV3',2,'Selasa',6),(1828,1,'TAV',3,'PREDK',5,'08.30-09.15','RTAV3',2,'Selasa',6),(1829,1,'TAV',3,'PREDK',5,'09.15-10.00','RTAV3',2,'Selasa',6),(1830,1,'TAV',3,'ISTIRAHAT',5,'10.00-10.15','RTAV3',2,'Selasa',6),(1831,1,'TAV',3,'PREDK',5,'10.15-11.00','RTAV3',2,'Selasa',6),(1832,1,'TAV',3,'PREDK',5,'11.00-11.45','RTAV3',2,'Selasa',6),(1833,1,'TAV',3,'ISTIRAHAT',5,'11.45-12.15','RTAV3',2,'Selasa',6),(1834,1,'TAV',3,'PKK',5,'12.15-12.55','RTAV3',2,'Selasa',6),(1835,1,'TAV',3,'PKK',5,'12.55-13.35','RTAV3',2,'Selasa',6),(1836,1,'TAV',3,'PKK',5,'13.35-14.15','RTAV3',2,'Selasa',6),(1837,1,'TAV',3,'PKK',5,'14.15-14.55','RTAV3',2,'Selasa',6),(1838,1,'TAV',3,'ISTIRAHAT',5,'14.55-15.10','RTAV3',2,'Selasa',6),(1839,1,'TAV',3,'PKK',5,'15.10-15.50','RTAV3',2,'Selasa',6),(1840,1,'TAV',3,'PKK',5,'15.50-16.30','RTAV3',2,'Selasa',6),(1841,1,'TAV',3,'PKK',5,'16.30-17.10','RTAV3',2,'Selasa',6),(1842,1,'TAV',3,'PKK',5,'17.10-17.50','RTAV3',2,'Selasa',6),(1843,1,'TAV',3,'PISAV',3,'07.45-08.30','RTAV3',2,'Rabu',5),(1844,1,'TAV',3,'PISAV',3,'08.30-09.15','RTAV3',2,'Rabu',5),(1845,1,'TAV',3,'PISAV',3,'09.15-10.00','RTAV3',2,'Rabu',5),(1846,1,'TAV',3,'ISTIRAHAT',3,'10.00-10.15','RTAV3',2,'Rabu',5),(1847,1,'TAV',3,'PISAV',3,'10.15-11.00','RTAV3',2,'Rabu',5),(1848,1,'TAV',3,'PISAV',3,'11.00-11.45','RTAV3',2,'Rabu',5),(1849,1,'TAV',3,'ISTIRAHAT',3,'11.45-12.15','RTAV3',2,'Rabu',5),(1850,1,'TAV',3,'PISAV',3,'12.15-12.55','RTAV3',2,'Rabu',5),(1851,1,'TAV',3,'BJAWA',3,'12.55-13.35','RTAV3',2,'Rabu',5),(1852,1,'TAV',3,'BJAWA',3,'13.35-14.15','RTAV3',2,'Rabu',5),(1853,1,'TAV',3,'BING',5,'07.45-08.30','RTAV3',2,'Rabu',6),(1854,1,'TAV',3,'BING',5,'08.30-09.15','RTAV3',2,'Rabu',6),(1855,1,'TAV',3,'BING',5,'09.15-10.00','RTAV3',2,'Rabu',6),(1856,1,'TAV',3,'ISTIRAHAT',5,'10.00-10.15','RTAV3',2,'Rabu',6),(1857,1,'TAV',3,'BING',5,'10.15-11.00','RTAV3',2,'Rabu',6),(1858,1,'TAV',3,'IPPST',5,'11.00-11.45','RTAV3',2,'Rabu',6),(1859,1,'TAV',3,'ISTIRAHAT',5,'11.45-12.15','RTAV3',2,'Rabu',6),(1860,1,'TAV',3,'IPPST',5,'12.15-12.55','RTAV3',2,'Rabu',6),(1861,1,'TAV',3,'IPPST',5,'12.55-13.35','RTAV3',2,'Rabu',6),(1862,1,'TAV',3,'IPPST',5,'13.35-14.15','RTAV3',2,'Rabu',6),(1863,1,'TAV',3,'BIND',5,'14.15-14.55','RTAV3',2,'Rabu',6),(1864,1,'TAV',3,'ISTIRAHAT',5,'14.55-15.10','RTAV3',2,'Rabu',6),(1865,1,'TAV',3,'BIND',5,'15.10-15.50','RTAV3',2,'Rabu',6),(1866,1,'TAV',3,'PPKN',5,'15.50-16.30','RTAV3',2,'Rabu',6),(1867,1,'TAV',3,'PPKN',5,'16.30-17.10','RTAV3',2,'Rabu',6),(1868,1,'TAV',3,'PPPEAV',3,'07.45-08.30','RTAV3',2,'Kamis',5),(1869,1,'TAV',3,'PPPEAV',3,'08.30-09.15','RTAV3',2,'Kamis',5),(1870,1,'TAV',3,'PPPEAV',3,'09.15-10.00','RTAV3',2,'Kamis',5),(1871,1,'TAV',3,'ISTIRAHAT',3,'10.00-10.15','RTAV3',2,'Kamis',5),(1872,1,'TAV',3,'PPPEAV',3,'10.15-11.00','RTAV3',2,'Kamis',5),(1873,1,'TAV',3,'PPPEAV',3,'11.00-11.45','RTAV3',2,'Kamis',5),(1874,1,'TAV',3,'ISTIRAHAT',3,'11.45-12.15','RTAV3',2,'Kamis',5),(1875,1,'TAV',3,'PPPEAV',3,'12.15-12.55','RTAV3',2,'Kamis',5),(1876,1,'TAV',3,'PPPEAV',3,'12.55-13.35','RTAV3',2,'Kamis',5),(1877,1,'TAV',3,'PPKN',3,'13.35-14.15','RTAV3',2,'Kamis',5),(1878,1,'TAV',3,'PPKN',3,'14.15-14.55','RTAV3',2,'Kamis',5),(1879,1,'TAV',3,'ISTIRAHAT',3,'14.55-15.10','RTAV3',2,'Kamis',5),(1880,1,'TAV',3,'PAI',3,'15.10-15.50','RTAV3',2,'Kamis',5),(1881,1,'TAV',3,'PAI',3,'15.50-16.30','RTAV3',2,'Kamis',5),(1882,1,'TAV',3,'PAI',3,'16.30-17.10','RTAV3',2,'Kamis',5),(1883,1,'TAV',3,'IPSKDTKB',5,'07.45-08.30','RTAV3',2,'Kamis',6),(1884,1,'TAV',3,'IPSKDTKB',5,'08.30-09.15','RTAV3',2,'Kamis',6),(1885,1,'TAV',3,'IPSKDTKB',5,'09.15-10.00','RTAV3',2,'Kamis',6),(1886,1,'TAV',3,'ISTIRAHAT',5,'10.00-10.15','RTAV3',2,'Kamis',6),(1887,1,'TAV',3,'IPSKDTKB',5,'10.15-11.00','RTAV3',2,'Kamis',6),(1888,1,'TAV',3,'IPSKDTKB',5,'11.00-11.45','RTAV3',2,'Kamis',6),(1889,1,'TAV',3,'ISTIRAHAT',5,'11.45-12.15','RTAV3',2,'Kamis',6),(1890,1,'TAV',3,'IPSKDTKB',5,'12.15-12.55','RTAV3',2,'Kamis',6),(1891,1,'TAV',3,'MTK',5,'12.55-13.35','RTAV3',2,'Kamis',6),(1892,1,'TAV',3,'MTK',5,'13.35-14.15','RTAV3',2,'Kamis',6),(1893,1,'TAV',3,'MTK',5,'14.15-14.55','RTAV3',2,'Kamis',6),(1894,1,'TAV',3,'ISTIRAHAT',5,'14.55-15.10','RTAV3',2,'Kamis',6),(1895,1,'TAV',3,'MTK',5,'15.10-15.50','RTAV3',2,'Kamis',6),(1896,1,'TAV',3,'BJAWA',5,'15.50-16.30','RTAV3',2,'Kamis',6),(1897,1,'TAV',3,'BJAWA',5,'16.30-17.10','RTAV3',2,'Kamis',6),(1898,1,'TAV',3,'JUMAT',3,'07.00-07.45','RTAV3',2,'Jumat',5),(1899,1,'TAV',3,'PRE',3,'07.45-08.30','RTAV3',2,'Jumat',5),(1900,1,'TAV',3,'PRE',3,'08.30-09.15','RTAV3',2,'Jumat',5),(1901,1,'TAV',3,'PRE',3,'09.15-10.00','RTAV3',2,'Jumat',5),(1902,1,'TAV',3,'ISTIRAHAT',3,'10.00-10.15','RTAV3',2,'Jumat',5),(1903,1,'TAV',3,'PRE',3,'10.15-11.00','RTAV3',2,'Jumat',5),(1904,1,'TAV',3,'PRE',3,'11.00-11.45','RTAV3',2,'Jumat',5),(1905,1,'TAV',3,'JUMAT',5,'07.00-07.45','RTAV3',2,'Jumat',6),(1906,1,'TAV',3,'IPPMTE',5,'07.45-08.30','RTAV3',2,'Jumat',6),(1907,1,'TAV',3,'IPPMTE',5,'08.30-09.15','RTAV3',2,'Jumat',6),(1908,1,'TAV',3,'IPPMTE',5,'09.15-10.00','RTAV3',2,'Jumat',6),(1909,1,'TAV',3,'ISTIRAHAT',5,'10.00-10.15','RTAV3',2,'Jumat',6),(1910,1,'TAV',3,'IPPMTE',5,'10.15-11.00','RTAV3',2,'Jumat',6),(1911,1,'TOI',3,'SENIN',59,'07.00-07.45','RTOI3',2,'Senin',69),(1912,1,'TOI',3,'SKT',59,'07.45-08.30','RTOI3',2,'Senin',69),(1913,1,'TOI',3,'SKT',59,'08.30-09.15','RTOI3',2,'Senin',69),(1914,1,'TOI',3,'SKT',59,'09.15-10.00','RTOI3',2,'Senin',69),(1915,1,'TOI',3,'ISTIRAHAT',59,'10.00-10.15','RTOI3',2,'Senin',69),(1916,1,'TOI',3,'SKT',59,'10.15-11.00','RTOI3',2,'Senin',69),(1917,1,'TOI',3,'SKT',59,'11.00-11.45','RTOI3',2,'Senin',69),(1918,1,'TOI',3,'ISTIRAHAT',59,'11.45-12.15','RTOI3',2,'Senin',69),(1919,1,'TOI',3,'SKT',59,'12.15-12.55','RTOI3',2,'Senin',69),(1920,1,'TOI',3,'SKT',59,'12.55-13.35','RTOI3',2,'Senin',69),(1921,1,'TOI',3,'SKT',59,'13.35-14.15','RTOI3',2,'Senin',69),(1922,1,'TOI',3,'SKT',59,'14.15-14.55','RTOI3',2,'Senin',69),(1923,1,'TOI',3,'SENIN',63,'07.00-07.45','RTOI3',2,'Senin',70),(1924,1,'TOI',3,'MTK',63,'07.45-08.30','RTOI3',2,'Senin',70),(1925,1,'TOI',3,'MTK',63,'08.30-09.15','RTOI3',2,'Senin',70),(1926,1,'TOI',3,'MTK',63,'09.15-10.00','RTOI3',2,'Senin',70),(1927,1,'TOI',3,'ISTIRAHAT',63,'10.00-10.15','RTOI3',2,'Senin',70),(1928,1,'TOI',3,'SKEME',63,'10.15-11.00','RTOI3',2,'Senin',70),(1929,1,'TOI',3,'SKEME',63,'11.00-11.45','RTOI3',2,'Senin',70),(1930,1,'TOI',3,'ISTIRAHAT',63,'11.45-12.15','RTOI3',2,'Senin',70),(1931,1,'TOI',3,'SKEME',63,'12.15-12.55','RTOI3',2,'Senin',70),(1932,1,'TOI',3,'SKEME',63,'12.55-13.35','RTOI3',2,'Senin',70),(1933,1,'TOI',3,'SKEME',59,'07.45-08.30','RTOI3',2,'Selasa',69),(1934,1,'TOI',3,'SKEME',59,'08.30-09.15','RTOI3',2,'Selasa',69),(1935,1,'TOI',3,'SKEME',59,'09.15-10.00','RTOI3',2,'Selasa',69),(1936,1,'TOI',3,'ISTIRAHAT',59,'10.00-10.15','RTOI3',2,'Selasa',69),(1937,1,'TOI',3,'SKEME',59,'10.15-11.00','RTOI3',2,'Selasa',69),(1938,1,'TOI',3,'MTK',59,'11.00-11.45','RTOI3',2,'Selasa',69),(1939,1,'TOI',3,'ISTIRAHAT',59,'11.45-12.15','RTOI3',2,'Selasa',69),(1940,1,'TOI',3,'MTK',59,'12.15-12.55','RTOI3',2,'Selasa',69),(1941,1,'TOI',3,'MTK',59,'12.55-13.35','RTOI3',2,'Selasa',69),(1942,1,'TOI',3,'MTK',59,'13.35-14.15','RTOI3',2,'Selasa',69),(1943,1,'TOI',3,'BJAWA',59,'14.15-14.55','RTOI3',2,'Selasa',69),(1944,1,'TOI',3,'ISTIRAHAT',59,'14.55-15.10','RTOI3',2,'Selasa',69),(1945,1,'TOI',3,'BJAWA',59,'15.10-15.50','RTOI3',2,'Selasa',69),(1946,1,'TOI',3,'SKE',63,'07.45-08.30','RTOI3',2,'Selasa',70),(1947,1,'TOI',3,'SKE',63,'08.30-09.15','RTOI3',2,'Selasa',70),(1948,1,'TOI',3,'SKE',63,'09.15-10.00','RTOI3',2,'Selasa',70),(1949,1,'TOI',3,'ISTIRAHAT',63,'10.00-10.15','RTOI3',2,'Selasa',70),(1950,1,'TOI',3,'SKE',63,'10.15-11.00','RTOI3',2,'Selasa',70),(1951,1,'TOI',3,'SKE',63,'11.00-11.45','RTOI3',2,'Selasa',70),(1952,1,'TOI',3,'ISTIRAHAT',63,'11.45-12.15','RTOI3',2,'Selasa',70),(1953,1,'TOI',3,'SKE',63,'12.15-12.55','RTOI3',2,'Selasa',70),(1954,1,'TOI',3,'PPKN',63,'12.55-13.35','RTOI3',2,'Selasa',70),(1955,1,'TOI',3,'PPKN',63,'13.35-14.15','RTOI3',2,'Selasa',70),(1956,1,'TOI',3,'BIND',59,'07.45-08.30','RTOI3',2,'Rabu',69),(1957,1,'TOI',3,'BIND',59,'08.30-09.15','RTOI3',2,'Rabu',69),(1958,1,'TOI',3,'PPKN',59,'09.15-10.00','RTOI3',2,'Rabu',69),(1959,1,'TOI',3,'ISTIRAHAT',59,'10.00-10.15','RTOI3',2,'Rabu',69),(1960,1,'TOI',3,'PPKN',59,'10.15-11.00','RTOI3',2,'Rabu',69),(1961,1,'TOI',3,'PSA',59,'11.00-11.45','RTOI3',2,'Rabu',69),(1962,1,'TOI',3,'ISTIRAHAT',59,'11.45-12.15','RTOI3',2,'Rabu',69),(1963,1,'TOI',3,'PSA',59,'12.15-12.55','RTOI3',2,'Rabu',69),(1964,1,'TOI',3,'PSA',59,'12.55-13.35','RTOI3',2,'Rabu',69),(1965,1,'TOI',3,'PSA',59,'13.35-14.15','RTOI3',2,'Rabu',69),(1966,1,'TOI',3,'PAI',59,'14.15-14.55','RTOI3',2,'Rabu',69),(1967,1,'TOI',3,'ISTIRAHAT',59,'14.55-15.10','RTOI3',2,'Rabu',69),(1968,1,'TOI',3,'PAI',59,'15.10-15.50','RTOI3',2,'Rabu',69),(1969,1,'TOI',3,'PAI',59,'15.50-16.30','RTOI3',2,'Rabu',69),(1970,1,'TOI',3,'PKK',63,'07.45-08.30','RTOI3',2,'Rabu',70),(1971,1,'TOI',3,'PKK',63,'08.30-09.15','RTOI3',2,'Rabu',70),(1972,1,'TOI',3,'PKK',63,'09.15-10.00','RTOI3',2,'Rabu',70),(1973,1,'TOI',3,'ISTIRAHAT',63,'10.00-10.15','RTOI3',2,'Rabu',70),(1974,1,'TOI',3,'PKK',63,'10.15-11.00','RTOI3',2,'Rabu',70),(1975,1,'TOI',3,'PKK',63,'11.00-11.45','RTOI3',2,'Rabu',70),(1976,1,'TOI',3,'ISTIRAHAT',63,'11.45-12.15','RTOI3',2,'Rabu',70),(1977,1,'TOI',3,'PKK',63,'12.15-12.55','RTOI3',2,'Rabu',70),(1978,1,'TOI',3,'PKK',63,'12.55-13.35','RTOI3',2,'Rabu',70),(1979,1,'TOI',3,'PKK',63,'13.35-14.15','RTOI3',2,'Rabu',70),(1980,1,'TOI',3,'PSA',63,'14.15-14.55','RTOI3',2,'Rabu',70),(1981,1,'TOI',3,'ISTIRAHAT',63,'14.55-15.10','RTOI3',2,'Rabu',70),(1982,1,'TOI',3,'PSA',63,'15.10-15.50','RTOI3',2,'Rabu',70),(1983,1,'TOI',3,'PSA',63,'15.50-16.30','RTOI3',2,'Rabu',70),(1984,1,'TOI',3,'PSA',63,'16.30-17.10','RTOI3',2,'Rabu',70),(1985,1,'TOI',3,'BING',59,'07.45-08.30','RTOI3',2,'Kamis',69),(1986,1,'TOI',3,'BING',59,'08.30-09.15','RTOI3',2,'Kamis',69),(1987,1,'TOI',3,'BING',59,'09.15-10.00','RTOI3',2,'Kamis',69),(1988,1,'TOI',3,'ISTIRAHAT',59,'10.00-10.15','RTOI3',2,'Kamis',69),(1989,1,'TOI',3,'BING',59,'10.15-11.00','RTOI3',2,'Kamis',69),(1990,1,'TOI',3,'PKK',59,'11.00-11.45','RTOI3',2,'Kamis',69),(1991,1,'TOI',3,'ISTIRAHAT',59,'11.45-12.15','RTOI3',2,'Kamis',69),(1992,1,'TOI',3,'PKK',59,'12.15-12.55','RTOI3',2,'Kamis',69),(1993,1,'TOI',3,'PKK',59,'12.55-13.35','RTOI3',2,'Kamis',69),(1994,1,'TOI',3,'PKK',59,'13.35-14.15','RTOI3',2,'Kamis',69),(1995,1,'TOI',3,'PKK',59,'14.15-14.55','RTOI3',2,'Kamis',69),(1996,1,'TOI',3,'ISTIRAHAT',59,'14.55-15.10','RTOI3',2,'Kamis',69),(1997,1,'TOI',3,'PKK',59,'15.10-15.50','RTOI3',2,'Kamis',69),(1998,1,'TOI',3,'PKK',59,'15.50-16.30','RTOI3',2,'Kamis',69),(1999,1,'TOI',3,'PKK',59,'16.30-17.10','RTOI3',2,'Kamis',69),(2000,1,'TOI',3,'SKT',63,'07.45-08.30','RTOI3',2,'Kamis',70),(2001,1,'TOI',3,'SKT',63,'08.30-09.15','RTOI3',2,'Kamis',70),(2002,1,'TOI',3,'SKT',63,'09.15-10.00','RTOI3',2,'Kamis',70),(2003,1,'TOI',3,'ISTIRAHAT',63,'10.00-10.15','RTOI3',2,'Kamis',70),(2004,1,'TOI',3,'SKT',63,'10.15-11.00','RTOI3',2,'Kamis',70),(2005,1,'TOI',3,'SKT',63,'11.00-11.45','RTOI3',2,'Kamis',70),(2006,1,'TOI',3,'ISTIRAHAT',63,'11.45-12.15','RTOI3',2,'Kamis',70),(2007,1,'TOI',3,'SKT',63,'12.15-12.55','RTOI3',2,'Kamis',70),(2008,1,'TOI',3,'SKT',63,'12.55-13.35','RTOI3',2,'Kamis',70),(2009,1,'TOI',3,'SKT',63,'13.35-14.15','RTOI3',2,'Kamis',70),(2010,1,'TOI',3,'SKT',63,'14.15-14.55','RTOI3',2,'Kamis',70),(2011,1,'TOI',3,'ISTIRAHAT',63,'14.55-15.10','RTOI3',2,'Kamis',70),(2012,1,'TOI',3,'SKT',63,'15.10-15.50','RTOI3',2,'Kamis',70),(2013,1,'TOI',3,'PAI',63,'15.50-16.30','RTOI3',2,'Kamis',70),(2014,1,'TOI',3,'PAI',63,'16.30-17.10','RTOI3',2,'Kamis',70),(2015,1,'TOI',3,'PAI',63,'17.10-17.50','RTOI3',2,'Kamis',70),(2016,1,'TOI',3,'JUMAT',59,'07.00-07.45','RTOI3',2,'Jumat',69),(2017,1,'TOI',3,'SKE',59,'07.45-08.30','RTOI3',2,'Jumat',69),(2018,1,'TOI',3,'SKE',59,'08.30-09.15','RTOI3',2,'Jumat',69),(2019,1,'TOI',3,'SKE',59,'09.15-10.00','RTOI3',2,'Jumat',69),(2020,1,'TOI',3,'ISTIRAHAT',59,'10.00-10.15','RTOI3',2,'Jumat',69),(2021,1,'TOI',3,'SKE',59,'10.15-11.00','RTOI3',2,'Jumat',69),(2022,1,'TOI',3,'SKE',59,'11.00-11.45','RTOI3',2,'Jumat',69),(2023,1,'TOI',3,'JUMAT',63,'07.00-07.45','RTOI3',2,'Jumat',70),(2024,1,'TOI',3,'BING',63,'07.45-08.30','RTOI3',2,'Jumat',70),(2025,1,'TOI',3,'BING',63,'08.30-09.15','RTOI3',2,'Jumat',70),(2026,1,'TOI',3,'BING',63,'09.15-10.00','RTOI3',2,'Jumat',70),(2027,1,'TOI',3,'ISTIRAHAT',63,'10.00-10.15','RTOI3',2,'Jumat',70),(2028,1,'TOI',3,'BJAWA',63,'10.15-11.00','RTOI3',2,'Jumat',70),(2029,1,'TOI',3,'BJAWA',63,'11.00-11.45','RTOI3',2,'Jumat',70),(2030,1,'TOI',3,'IBADAH',63,'11.45-12.15','RTOI3',2,'Jumat',70),(2031,1,'TOI',3,'IBADAH',63,'12.15-12.55','RTOI3',2,'Jumat',70),(2032,1,'TOI',3,'ISTIRAHAT',63,'12.55-13.35','RTOI3',2,'Jumat',70),(2033,1,'TOI',3,'BIND',63,'13.35-14.15','RTOI3',2,'Jumat',70),(2034,1,'TOI',3,'BIND',63,'14.15-14.55','RTOI3',2,'Jumat',70),(2035,1,'TKR',3,'SENIN',79,'07.00-07.45','RTKR3',2,'Senin',86),(2036,1,'TKR',3,'PBO',79,'07.45-08.30','RTKR3',2,'Senin',86),(2037,1,'TKR',3,'PBO',79,'08.30-09.15','RTKR3',2,'Senin',86),(2038,1,'TKR',3,'PBO',79,'09.15-10.00','RTKR3',2,'Senin',86),(2039,1,'TKR',3,'ISTIRAHAT',79,'10.00-10.15','RTKR3',2,'Senin',86),(2040,1,'TKR',3,'PBO',79,'10.15-11.00','RTKR3',2,'Senin',86),(2041,1,'TKR',3,'PBO',79,'11.00-11.45','RTKR3',2,'Senin',86),(2042,1,'TKR',3,'ISTIRAHAT',79,'11.45-12.15','RTKR3',2,'Senin',86),(2043,1,'TKR',3,'PBO',79,'12.15-12.55','RTKR3',2,'Senin',86),(2044,1,'TKR',3,'PBO',79,'12.55-13.35','RTKR3',2,'Senin',86),(2045,1,'TKR',3,'PBO',79,'13.35-14.15','RTKR3',2,'Senin',86),(2046,1,'TKR',3,'PBO',79,'14.15-14.55','RTKR3',2,'Senin',86),(2047,1,'TKR',3,'ISTIRAHAT',79,'14.55-15.10','RTKR3',2,'Senin',86),(2048,1,'TKR',3,'PBO',79,'15.10-15.50','RTKR3',2,'Senin',86),(2049,1,'TKR',3,'PBO',79,'15.50-16.30','RTKR3',2,'Senin',86),(2050,1,'TKR',3,'SENIN',75,'07.00-07.45','RTKR3',2,'Senin',85),(2051,1,'TKR',3,'PPMO',75,'07.45-08.30','RTKR3',2,'Senin',85),(2052,1,'TKR',3,'PPMO',75,'08.30-09.15','RTKR3',2,'Senin',85),(2053,1,'TKR',3,'PPMO',75,'09.15-10.00','RTKR3',2,'Senin',85),(2054,1,'TKR',3,'ISTIRAHAT',75,'10.00-10.15','RTKR3',2,'Senin',85),(2055,1,'TKR',3,'PPMO',75,'10.15-11.00','RTKR3',2,'Senin',85),(2056,1,'TKR',3,'PPMO',75,'11.00-11.45','RTKR3',2,'Senin',85),(2057,1,'TKR',3,'ISTIRAHAT',75,'11.45-12.15','RTKR3',2,'Senin',85),(2058,1,'TKR',3,'PPMO',75,'12.15-12.55','RTKR3',2,'Senin',85),(2059,1,'TKR',3,'ISTIRAHAT',75,'12.55-13.35','RTKR3',2,'Senin',85),(2060,1,'TKR',3,'BING',75,'13.35-14.15','RTKR3',2,'Senin',85),(2061,1,'TKR',3,'BING',75,'14.15-14.55','RTKR3',2,'Senin',85),(2062,1,'TKR',3,'ISTIRAHAT',75,'14.55-15.10','RTKR3',2,'Senin',85),(2063,1,'TKR',3,'BING',75,'15.10-15.50','RTKR3',2,'Senin',85),(2064,1,'TKR',3,'BING',75,'15.50-16.30','RTKR3',2,'Senin',85),(2065,1,'TKR',3,'PPI',79,'07.45-08.30','RTKR3',2,'Selasa',86),(2066,1,'TKR',3,'PPI',79,'08.30-09.15','RTKR3',2,'Selasa',86),(2067,1,'TKR',3,'PPI',79,'09.15-10.00','RTKR3',2,'Selasa',86),(2068,1,'TKR',3,'ISTIRAHAT',79,'10.00-10.15','RTKR3',2,'Selasa',86),(2069,1,'TKR',3,'PPI',79,'10.15-11.00','RTKR3',2,'Selasa',86),(2070,1,'TKR',3,'PPI',79,'11.00-11.45','RTKR3',2,'Selasa',86),(2071,1,'TKR',3,'ISTIRAHAT',79,'11.45-12.15','RTKR3',2,'Selasa',86),(2072,1,'TKR',3,'PPI',79,'12.15-12.55','RTKR3',2,'Selasa',86),(2073,1,'TKR',3,'PPI',79,'12.55-13.35','RTKR3',2,'Selasa',86),(2074,1,'TKR',3,'PPI',79,'13.35-14.15','RTKR3',2,'Selasa',86),(2075,1,'TKR',3,'PPI',79,'14.15-14.55','RTKR3',2,'Selasa',86),(2076,1,'TKR',3,'ISTIRAHAT',79,'14.55-15.10','RTKR3',2,'Selasa',86),(2077,1,'TKR',3,'PPI',79,'15.10-15.50','RTKR3',2,'Selasa',86),(2078,1,'TKR',3,'PPI',79,'15.50-16.30','RTKR3',2,'Selasa',86),(2079,1,'TKR',3,'PPI',79,'16.30-17.10','RTKR3',2,'Selasa',86),(2080,1,'TKR',3,'MTK',75,'07.45-08.30','RTKR3',2,'Selasa',85),(2081,1,'TKR',3,'MTK',75,'08.30-09.15','RTKR3',2,'Selasa',85),(2082,1,'TKR',3,'MTK',75,'09.15-10.00','RTKR3',2,'Selasa',85),(2083,1,'TKR',3,'ISTIRAHAT',75,'10.00-10.15','RTKR3',2,'Selasa',85),(2084,1,'TKR',3,'MTK',75,'10.15-11.00','RTKR3',2,'Selasa',85),(2085,1,'TKR',3,'PPKN',75,'11.00-11.45','RTKR3',2,'Selasa',85),(2086,1,'TKR',3,'ISTIRAHAT',75,'11.45-12.15','RTKR3',2,'Selasa',85),(2087,1,'TKR',3,'PPKN',75,'12.15-12.55','RTKR3',2,'Selasa',85),(2088,1,'TKR',3,'BJAWA',75,'12.55-13.35','RTKR3',2,'Selasa',85),(2089,1,'TKR',3,'BJAWA',75,'13.35-14.15','RTKR3',2,'Selasa',85),(2090,1,'TKR',3,'MTK',79,'07.45-08.30','RTKR3',2,'Rabu',86),(2091,1,'TKR',3,'MTK',79,'08.30-09.15','RTKR3',2,'Rabu',86),(2092,1,'TKR',3,'MTK',79,'09.15-10.00','RTKR3',2,'Rabu',86),(2093,1,'TKR',3,'ISTIRAHAT',79,'10.00-10.15','RTKR3',2,'Rabu',86),(2094,1,'TKR',3,'MTK',79,'10.15-11.00','RTKR3',2,'Rabu',86),(2095,1,'TKR',3,'BING',79,'11.00-11.45','RTKR3',2,'Rabu',86),(2096,1,'TKR',3,'ISTIRAHAT',79,'11.45-12.15','RTKR3',2,'Rabu',86),(2097,1,'TKR',3,'BING',79,'12.15-12.55','RTKR3',2,'Rabu',86),(2098,1,'TKR',3,'BING',79,'12.55-13.35','RTKR3',2,'Rabu',86),(2099,1,'TKR',3,'BING',79,'13.35-14.15','RTKR3',2,'Rabu',86),(2100,1,'TKR',3,'PPSPTO',75,'07.45-08.30','RTKR3',2,'Rabu',85),(2101,1,'TKR',3,'PPSPTO',75,'08.30-09.15','RTKR3',2,'Rabu',85),(2102,1,'TKR',3,'PPSPTO',75,'09.15-10.00','RTKR3',2,'Rabu',85),(2103,1,'TKR',3,'ISTIRAHAT',75,'10.00-10.15','RTKR3',2,'Rabu',85),(2104,1,'TKR',3,'PPSPTO',75,'10.15-11.00','RTKR3',2,'Rabu',85),(2105,1,'TKR',3,'PPSPTO',75,'11.00-11.45','RTKR3',2,'Rabu',85),(2106,1,'TKR',3,'ISTIRAHAT',75,'11.45-12.15','RTKR3',2,'Rabu',85),(2107,1,'TKR',3,'PPSPTO',75,'12.15-12.55','RTKR3',2,'Rabu',85),(2108,1,'TKR',3,'PPSPTO',75,'12.55-13.35','RTKR3',2,'Rabu',85),(2109,1,'TKR',3,'MPO',75,'13.35-14.15','RTKR3',2,'Rabu',85),(2110,1,'TKR',3,'MPO',75,'14.15-14.55','RTKR3',2,'Rabu',85),(2111,1,'TKR',3,'ISTIRAHAT',75,'14.55-15.10','RTKR3',2,'Rabu',85),(2112,1,'TKR',3,'MPO',75,'15.10-15.50','RTKR3',2,'Rabu',85),(2113,1,'TKR',3,'MPO',75,'15.50-16.30','RTKR3',2,'Rabu',85),(2114,1,'TKR',3,'PAI',79,'07.45-08.30','RTKR3',2,'Kamis',86),(2115,1,'TKR',3,'PAI',79,'08.30-09.15','RTKR3',2,'Kamis',86),(2116,1,'TKR',3,'PAI',79,'09.15-10.00','RTKR3',2,'Kamis',86),(2117,1,'TKR',3,'ISTIRAHAT',79,'10.00-10.15','RTKR3',2,'Kamis',86),(2118,1,'TKR',3,'BIND',79,'10.15-11.00','RTKR3',2,'Kamis',86),(2119,1,'TKR',3,'BIND',79,'11.00-11.45','RTKR3',2,'Kamis',86),(2120,1,'TKR',3,'ISTIRAHAT',79,'11.45-12.15','RTKR3',2,'Kamis',86),(2121,1,'TKR',3,'PPKN',79,'12.15-12.55','RTKR3',2,'Kamis',86),(2122,1,'TKR',3,'PPKN',79,'12.55-13.35','RTKR3',2,'Kamis',86),(2123,1,'TKR',3,'BJAWA',79,'13.35-14.15','RTKR3',2,'Kamis',86),(2124,1,'TKR',3,'BJAWA',79,'14.15-14.55','RTKR3',2,'Kamis',86),(2125,1,'TKR',3,'BIND',75,'07.45-08.30','RTKR3',2,'Kamis',85),(2126,1,'TKR',3,'BIND',75,'08.30-09.15','RTKR3',2,'Kamis',85),(2127,1,'TKR',3,'PPKO',75,'09.15-10.00','RTKR3',2,'Kamis',85),(2128,1,'TKR',3,'ISTIRAHAT',75,'10.00-10.15','RTKR3',2,'Kamis',85),(2129,1,'TKR',3,'PPKO',75,'10.15-11.00','RTKR3',2,'Kamis',85),(2130,1,'TKR',3,'PPKO',75,'11.00-11.45','RTKR3',2,'Kamis',85),(2131,1,'TKR',3,'ISTIRAHAT',75,'11.45-12.15','RTKR3',2,'Kamis',85),(2132,1,'TKR',3,'PPKO',75,'12.15-12.55','RTKR3',2,'Kamis',85),(2133,1,'TKR',3,'PPKO',75,'12.55-13.35','RTKR3',2,'Kamis',85),(2134,1,'TKR',3,'PPKO',75,'13.35-14.15','RTKR3',2,'Kamis',85),(2135,1,'TKR',3,'PPKO',75,'14.15-14.55','RTKR3',2,'Kamis',85),(2136,1,'TKR',3,'ISTIRAHAT',75,'14.55-15.10','RTKR3',2,'Kamis',85),(2137,1,'TKR',3,'PPKO',75,'15.10-15.50','RTKR3',2,'Kamis',85),(2138,1,'TKR',3,'JUMAT',79,'07.00-07.45','RTKR3',2,'Jumat',86),(2139,1,'TKR',3,'PKK',79,'07.45-08.30','RTKR3',2,'Jumat',86),(2140,1,'TKR',3,'PKK',79,'08.30-09.15','RTKR3',2,'Jumat',86),(2141,1,'TKR',3,'PKK',79,'09.15-10.00','RTKR3',2,'Jumat',86),(2142,1,'TKR',3,'ISTIRAHAT',79,'10.00-10.15','RTKR3',2,'Jumat',86),(2143,1,'TKR',3,'PKK',79,'10.15-11.00','RTKR3',2,'Jumat',86),(2144,1,'TKR',3,'PKK',79,'11.00-11.45','RTKR3',2,'Jumat',86),(2145,1,'TKR',3,'IBADAH',79,'11.45-12.15','RTKR3',2,'Jumat',86),(2146,1,'TKR',3,'IBADAH',79,'12.15-12.55','RTKR3',2,'Jumat',86),(2147,1,'TKR',3,'PKK',79,'12.55-13.35','RTKR3',2,'Jumat',86),(2148,1,'TKR',3,'PKK',79,'13.35-14.15','RTKR3',2,'Jumat',86),(2149,1,'TKR',3,'JUMAT',75,'07.00-07.45','RTKR3',2,'Jumat',85),(2150,1,'TKR',3,'PAI',75,'07.45-08.30','RTKR3',2,'Jumat',85),(2151,1,'TKR',3,'PAI',75,'08.30-09.15','RTKR3',2,'Jumat',85),(2152,1,'TKR',3,'PKK',75,'09.15-10.00','RTKR3',2,'Jumat',85),(2153,1,'TKR',3,'ISTIRAHAT',75,'10.00-10.15','RTKR3',2,'Jumat',85),(2154,1,'TKR',3,'PKK',75,'10.15-11.00','RTKR3',2,'Jumat',85),(2155,1,'TKR',3,'MTK',75,'11.00-11.45','RTKR3',2,'Jumat',85),(2156,1,'TKR',3,'IBADAH',75,'11.45-12.15','RTKR3',2,'Jumat',85),(2157,1,'TKR',3,'IBADAH',75,'12.15-12.55','RTKR3',2,'Jumat',85),(2158,1,'TKR',3,'PKK',75,'12.55-13.35','RTKR3',2,'Jumat',85),(2159,1,'TKR',3,'PKK',75,'13.35-14.15','RTKR3',2,'Jumat',85),(2160,1,'TKR',3,'PKK',75,'14.15-14.55','RTKR3',2,'Jumat',85),(2161,1,'TKR',3,'ISTIRAHAT',75,'14.55-15.10','RTKR3',2,'Jumat',85),(2162,1,'TKR',3,'PKK',75,'15.10-15.50','RTKR3',2,'Jumat',85),(2163,1,'KI',3,'SENIN',43,'07.00-07.45','LABKIMIA7',2,'Senin',53),(2164,1,'KI',3,'BJAWA',43,'07.45-08.30','LABKIMIA7',2,'Senin',53),(2165,1,'KI',3,'BJAWA',43,'08.30-09.15','LABKIMIA7',2,'Senin',53),(2166,1,'KI',3,'BIND',43,'09.15-10.00','LABKIMIA7',2,'Senin',53),(2167,1,'KI',3,'ISTIRAHAT',43,'10.00-10.15','LABKIMIA7',2,'Senin',53),(2168,1,'KI',3,'PAI',43,'10.15-11.00','LABKIMIA7',2,'Senin',53),(2169,1,'KI',3,'PAI',43,'11.00-11.45','LABKIMIA7',2,'Senin',53),(2170,1,'KI',3,'ISTIRAHAT',43,'11.45-12.15','LABKIMIA7',2,'Senin',53),(2171,1,'KI',3,'PAI',43,'12.15-12.55','LABKIMIA7',2,'Senin',53),(2172,1,'KI',3,'PIK',43,'12.55-13.35','LABKIMIA7',2,'Senin',53),(2173,1,'KI',3,'PIK',43,'13.35-14.15','LABKIMIA7',2,'Senin',53),(2174,1,'KI',3,'PIK',43,'14.15-14.55','LABKIMIA7',2,'Senin',53),(2175,1,'KI',3,'ISTIRAHAT',43,'14.55-15.10','LABKIMIA7',2,'Senin',53),(2176,1,'KI',3,'PIK',43,'15.10-15.50','LABKIMIA7',2,'Senin',53),(2177,1,'KI',3,'PKK',43,'15.50-16.30','LABKIMIA7',2,'Senin',53),(2178,1,'KI',3,'PKK',43,'16.30-17.10','LABKIMIA7',2,'Senin',53),(2179,1,'KI',3,'SENIN',47,'07.00-07.45','LABKIMIA7',2,'Senin',54),(2180,1,'KI',3,'AIK',47,'07.45-08.30','LABKIMIA7',2,'Senin',54),(2181,1,'KI',3,'AIK',47,'08.30-09.15','LABKIMIA7',2,'Senin',54),(2182,1,'KI',3,'AIK',47,'09.15-10.00','LABKIMIA7',2,'Senin',54),(2183,1,'KI',3,'ISTIRAHAT',47,'10.00-10.15','LABKIMIA7',2,'Senin',54),(2184,1,'KI',3,'OTK',47,'10.15-11.00','LABKIMIA7',2,'Senin',54),(2185,1,'KI',3,'OTK',47,'11.00-11.45','LABKIMIA7',2,'Senin',54),(2186,1,'KI',3,'ISTIRAHAT',47,'11.45-12.15','LABKIMIA7',2,'Senin',54),(2187,1,'KI',3,'MTK',47,'12.15-12.55','LABKIMIA7',2,'Senin',54),(2188,1,'KI',3,'MTK',47,'12.55-13.35','LABKIMIA7',2,'Senin',54),(2189,1,'KI',3,'AIK',43,'07.45-08.30','LABKIMIA7',2,'Selasa',53),(2190,1,'KI',3,'AIK',43,'08.30-09.15','LABKIMIA7',2,'Selasa',53),(2191,1,'KI',3,'AIK',43,'09.15-10.00','LABKIMIA7',2,'Selasa',53),(2192,1,'KI',3,'ISTIRAHAT',43,'10.00-10.15','LABKIMIA7',2,'Selasa',53),(2193,1,'KI',3,'AIK',43,'10.15-11.00','LABKIMIA7',2,'Selasa',53),(2194,1,'KI',3,'MTK',43,'11.00-11.45','LABKIMIA7',2,'Selasa',53),(2195,1,'KI',3,'ISTIRAHAT',43,'11.45-12.15','LABKIMIA7',2,'Selasa',53),(2196,1,'KI',3,'MTK',43,'12.15-12.55','LABKIMIA7',2,'Selasa',53),(2197,1,'KI',3,'MTK',43,'12.55-13.35','LABKIMIA7',2,'Selasa',53),(2198,1,'KI',3,'MTK',43,'13.35-14.15','LABKIMIA7',2,'Selasa',53),(2199,1,'KI',3,'PIK',47,'07.45-08.30','LABKIMIA7',2,'Selasa',54),(2200,1,'KI',3,'PIK',47,'08.30-09.15','LABKIMIA7',2,'Selasa',54),(2201,1,'KI',3,'PIK',47,'09.15-10.00','LABKIMIA7',2,'Selasa',54),(2202,1,'KI',3,'ISTIRAHAT',47,'10.00-10.15','LABKIMIA7',2,'Selasa',54),(2203,1,'KI',3,'PIK',47,'10.15-11.00','LABKIMIA7',2,'Selasa',54),(2204,1,'KI',3,'PIK',47,'11.00-11.45','LABKIMIA7',2,'Selasa',54),(2205,1,'KI',3,'ISTIRAHAT',47,'11.45-12.15','LABKIMIA7',2,'Selasa',54),(2206,1,'KI',3,'PIK',47,'12.15-12.55','LABKIMIA7',2,'Selasa',54),(2207,1,'KI',3,'PPKN',47,'12.55-13.35','LABKIMIA7',2,'Selasa',54),(2208,1,'KI',3,'PPKN',47,'13.35-14.15','LABKIMIA7',2,'Selasa',54),(2209,1,'KI',3,'PKK',43,'07.45-08.30','LABKIMIA7',2,'Rabu',53),(2210,1,'KI',3,'PKK',43,'08.30-09.15','LABKIMIA7',2,'Rabu',53),(2211,1,'KI',3,'PKK',43,'09.15-10.00','LABKIMIA7',2,'Rabu',53),(2212,1,'KI',3,'ISTIRAHAT',43,'10.00-10.15','LABKIMIA7',2,'Rabu',53),(2213,1,'KI',3,'PKK',43,'10.15-11.00','LABKIMIA7',2,'Rabu',53),(2214,1,'KI',3,'PKK',43,'11.00-11.45','LABKIMIA7',2,'Rabu',53),(2215,1,'KI',3,'ISTIRAHAT',43,'11.45-12.15','LABKIMIA7',2,'Rabu',53),(2216,1,'KI',3,'PKK',43,'12.15-12.55','LABKIMIA7',2,'Rabu',53),(2217,1,'KI',3,'BING',47,'07.45-08.30','LABKIMIA7',2,'Rabu',54),(2218,1,'KI',3,'BING',47,'08.30-09.15','LABKIMIA7',2,'Rabu',54),(2219,1,'KI',3,'BING',47,'09.15-10.00','LABKIMIA7',2,'Rabu',54),(2220,1,'KI',3,'ISTIRAHAT',47,'10.00-10.15','LABKIMIA7',2,'Rabu',54),(2221,1,'KI',3,'BING',47,'10.15-11.00','LABKIMIA7',2,'Rabu',54),(2222,1,'KI',3,'MTK',47,'11.00-11.45','LABKIMIA7',2,'Rabu',54),(2223,1,'KI',3,'ISTIRAHAT',47,'11.45-12.15','LABKIMIA7',2,'Rabu',54),(2224,1,'KI',3,'MTK',47,'12.15-12.55','LABKIMIA7',2,'Rabu',54),(2225,1,'KI',3,'PKK',47,'12.55-13.35','LABKIMIA7',2,'Rabu',54),(2226,1,'KI',3,'PKK',47,'13.35-14.15','LABKIMIA7',2,'Rabu',54),(2227,1,'KI',3,'PKK',47,'14.15-14.55','LABKIMIA7',2,'Rabu',54),(2228,1,'KI',3,'ISTIRAHAT',47,'14.55-15.10','LABKIMIA7',2,'Rabu',54),(2229,1,'KI',3,'PKK',47,'15.10-15.50','LABKIMIA7',2,'Rabu',54),(2230,1,'KI',3,'PKK',47,'15.50-16.30','LABKIMIA7',2,'Rabu',54),(2231,1,'KI',3,'PKK',47,'16.30-17.10','LABKIMIA7',2,'Rabu',54),(2232,1,'KI',3,'PKK',47,'17.10-17.50','LABKIMIA7',2,'Rabu',54),(2233,1,'KI',3,'BING',43,'07.45-08.30','LABKIMIA7',2,'Kamis',53),(2234,1,'KI',3,'BING',43,'08.30-09.15','LABKIMIA7',2,'Kamis',53),(2235,1,'KI',3,'BING',43,'09.15-10.00','LABKIMIA7',2,'Kamis',53),(2236,1,'KI',3,'ISTIRAHAT',43,'10.00-10.15','LABKIMIA7',2,'Kamis',53),(2237,1,'KI',3,'BING',43,'10.15-11.00','LABKIMIA7',2,'Kamis',53),(2238,1,'KI',3,'PPKN',43,'11.00-11.45','LABKIMIA7',2,'Kamis',53),(2239,1,'KI',3,'ISTIRAHAT',43,'11.45-12.15','LABKIMIA7',2,'Kamis',53),(2240,1,'KI',3,'PPKN',43,'12.15-12.55','LABKIMIA7',2,'Kamis',53),(2241,1,'KI',3,'PIK',43,'12.55-13.35','LABKIMIA7',2,'Kamis',53),(2242,1,'KI',3,'PIK',43,'13.35-14.15','LABKIMIA7',2,'Kamis',53),(2243,1,'KI',3,'PIK',43,'14.15-14.55','LABKIMIA7',2,'Kamis',53),(2244,1,'KI',3,'ISTIRAHAT',43,'14.55-15.10','LABKIMIA7',2,'Kamis',53),(2245,1,'KI',3,'PIK',43,'15.10-15.50','LABKIMIA7',2,'Kamis',53),(2246,1,'KI',3,'PIK',43,'15.50-16.30','LABKIMIA7',2,'Kamis',53),(2247,1,'KI',3,'PIK',43,'16.30-17.10','LABKIMIA7',2,'Kamis',53),(2248,1,'KI',3,'PIK',43,'17.10-17.50','LABKIMIA7',2,'Kamis',53),(2249,1,'KI',3,'PIK',47,'07.45-08.30','LABKIMIA7',2,'Kamis',54),(2250,1,'KI',3,'PIK',47,'08.30-09.15','LABKIMIA7',2,'Kamis',54),(2251,1,'KI',3,'PIK',47,'09.15-10.00','LABKIMIA7',2,'Kamis',54),(2252,1,'KI',3,'ISTIRAHAT',47,'10.00-10.15','LABKIMIA7',2,'Kamis',54),(2253,1,'KI',3,'PIK',47,'10.15-11.00','LABKIMIA7',2,'Kamis',54),(2254,1,'KI',3,'PIK',47,'11.00-11.45','LABKIMIA7',2,'Kamis',54),(2255,1,'KI',3,'ISTIRAHAT',47,'11.45-12.15','LABKIMIA7',2,'Kamis',54),(2256,1,'KI',3,'OTK',47,'12.15-12.55','LABKIMIA7',2,'Kamis',54),(2257,1,'KI',3,'OTK',47,'12.55-13.35','LABKIMIA7',2,'Kamis',54),(2258,1,'KI',3,'OTK',47,'13.35-14.15','LABKIMIA7',2,'Kamis',54),(2259,1,'KI',3,'OTK',47,'14.15-14.55','LABKIMIA7',2,'Kamis',54),(2260,1,'KI',3,'ISTIRAHAT',47,'14.55-15.10','LABKIMIA7',2,'Kamis',54),(2261,1,'KI',3,'OTK',47,'15.10-15.50','LABKIMIA7',2,'Kamis',54),(2262,1,'KI',3,'OTK',47,'15.50-16.30','LABKIMIA7',2,'Kamis',54),(2263,1,'KI',3,'OTK',47,'16.30-17.10','LABKIMIA7',2,'Kamis',54),(2264,1,'KI',3,'OTK',47,'17.10-17.50','LABKIMIA7',2,'Kamis',54),(2265,1,'KI',3,'JUMAT',43,'07.00-07.45','LABKIMIA7',2,'Jumat',53),(2266,1,'KI',3,'OTK',43,'07.45-08.30','LABKIMIA7',2,'Jumat',53),(2267,1,'KI',3,'OTK',43,'08.30-09.15','LABKIMIA7',2,'Jumat',53),(2268,1,'KI',3,'OTK',43,'09.15-10.00','LABKIMIA7',2,'Jumat',53),(2269,1,'KI',3,'ISTIRAHAT',43,'10.00-10.15','LABKIMIA7',2,'Jumat',53),(2270,1,'KI',3,'OTK',43,'10.15-11.00','LABKIMIA7',2,'Jumat',53),(2271,1,'KI',3,'OTK',43,'11.00-11.45','LABKIMIA7',2,'Jumat',53),(2272,1,'KI',3,'IBADAH',43,'11.45-12.15','LABKIMIA7',2,'Jumat',53),(2273,1,'KI',3,'IBADAH',43,'12.15-12.55','LABKIMIA7',2,'Jumat',53),(2274,1,'KI',3,'ISTIRAHAT',43,'12.55-13.35','LABKIMIA7',2,'Jumat',53),(2275,1,'KI',3,'OTK',43,'13.35-14.15','LABKIMIA7',2,'Jumat',53),(2276,1,'KI',3,'OTK',43,'14.15-14.55','LABKIMIA7',2,'Jumat',53),(2277,1,'KI',3,'ISTIRAHAT',43,'14.55-15.10','LABKIMIA7',2,'Jumat',53),(2278,1,'KI',3,'OTK',43,'15.10-15.50','LABKIMIA7',2,'Jumat',53),(2279,1,'KI',3,'OTK',43,'15.50-16.30','LABKIMIA7',2,'Jumat',53),(2280,1,'KI',3,'JUMAT',47,'07.00-07.45','LABKIMIA7',2,'Jumat',54),(2281,1,'KI',3,'BJAWA',47,'07.45-08.30','LABKIMIA7',2,'Jumat',54),(2282,1,'KI',3,'BJAWA',47,'08.30-09.15','LABKIMIA7',2,'Jumat',54),(2283,1,'KI',3,'BIND',47,'09.15-10.00','LABKIMIA7',2,'Jumat',54),(2284,1,'KI',3,'ISTIRAHAT',47,'10.00-10.15','LABKIMIA7',2,'Jumat',54),(2285,1,'KI',3,'PAI',47,'10.15-11.00','LABKIMIA7',2,'Jumat',54),(2286,1,'KI',3,'PAI',47,'11.00-11.45','LABKIMIA7',2,'Jumat',54),(2287,1,'KI',3,'IBADAH',47,'11.45-12.15','LABKIMIA7',2,'Jumat',54),(2288,1,'KI',3,'IBADAH',47,'12.15-12.55','LABKIMIA7',2,'Jumat',54),(2289,1,'KI',3,'ISTIRAHAT',47,'12.55-13.35','LABKIMIA7',2,'Jumat',54),(2290,1,'KI',3,'PAI',47,'13.35-14.15','LABKIMIA7',2,'Jumat',54),(2291,1,'KA',3,'SENIN',51,'07.00-07.45','LABKIMIA3',2,'Senin',61),(2292,1,'KA',3,'PKK',51,'07.45-08.30','LABKIMIA3',2,'Senin',61),(2293,1,'KA',3,'PKK',51,'08.30-09.15','LABKIMIA3',2,'Senin',61),(2294,1,'KA',3,'PKK',51,'09.15-10.00','LABKIMIA3',2,'Senin',61),(2295,1,'KA',3,'ISTIRAHAT',51,'10.00-10.15','LABKIMIA3',2,'Senin',61),(2296,1,'KA',3,'PKK',51,'10.15-11.00','LABKIMIA3',2,'Senin',61),(2297,1,'KA',3,'PKK',51,'11.00-11.45','LABKIMIA3',2,'Senin',61),(2298,1,'KA',3,'ISTIRAHAT',51,'11.45-12.15','LABKIMIA3',2,'Senin',61),(2299,1,'KA',3,'PKK',51,'12.15-12.55','LABKIMIA3',2,'Senin',61),(2300,1,'KA',3,'PKK',51,'12.55-13.35','LABKIMIA3',2,'Senin',61),(2301,1,'KA',3,'PAI',51,'13.35-14.15','LABKIMIA3',2,'Senin',61),(2302,1,'KA',3,'PAI',51,'14.15-14.55','LABKIMIA3',2,'Senin',61),(2303,1,'KA',3,'ISTIRAHAT',51,'14.55-15.10','LABKIMIA3',2,'Senin',61),(2304,1,'KA',3,'PAI',51,'15.10-15.50','LABKIMIA3',2,'Senin',61),(2305,1,'KA',3,'SENIN',55,'07.00-07.45','LABKIMIA3',2,'Senin',62),(2306,1,'KA',3,'ABO',55,'07.45-08.30','LABKIMIA3',2,'Senin',62),(2307,1,'KA',3,'ABO',55,'08.30-09.15','LABKIMIA3',2,'Senin',62),(2308,1,'KA',3,'ABO',55,'09.15-10.00','LABKIMIA3',2,'Senin',62),(2309,1,'KA',3,'ISTIRAHAT',55,'10.00-10.15','LABKIMIA3',2,'Senin',62),(2310,1,'KA',3,'ABO',55,'10.15-11.00','LABKIMIA3',2,'Senin',62),(2311,1,'KA',3,'ABO',55,'11.00-11.45','LABKIMIA3',2,'Senin',62),(2312,1,'KA',3,'ISTIRAHAT',55,'11.45-12.15','LABKIMIA3',2,'Senin',62),(2313,1,'KA',3,'ABO',55,'12.15-12.55','LABKIMIA3',2,'Senin',62),(2314,1,'KA',3,'MTK',55,'12.55-13.35','LABKIMIA3',2,'Senin',62),(2315,1,'KA',3,'MTK',55,'13.35-14.15','LABKIMIA3',2,'Senin',62),(2316,1,'KA',3,'MTK',55,'14.15-14.55','LABKIMIA3',2,'Senin',62),(2317,1,'KA',3,'ISTIRAHAT',55,'14.55-15.10','LABKIMIA3',2,'Senin',62),(2318,1,'KA',3,'MTK',55,'15.10-15.50','LABKIMIA3',2,'Senin',62),(2319,1,'KA',3,'BING',51,'07.45-08.30','LABKIMIA3',2,'Selasa',61),(2320,1,'KA',3,'BING',51,'08.30-09.15','LABKIMIA3',2,'Selasa',61),(2321,1,'KA',3,'BING',51,'09.15-10.00','LABKIMIA3',2,'Selasa',61),(2322,1,'KA',3,'ISTIRAHAT',51,'10.00-10.15','LABKIMIA3',2,'Selasa',61),(2323,1,'KA',3,'BING',51,'10.15-11.00','LABKIMIA3',2,'Selasa',61),(2324,1,'KA',3,'PPKN',51,'11.00-11.45','LABKIMIA3',2,'Selasa',61),(2325,1,'KA',3,'ISTIRAHAT',51,'11.45-12.15','LABKIMIA3',2,'Selasa',61),(2326,1,'KA',3,'PPKN',51,'12.15-12.55','LABKIMIA3',2,'Selasa',61),(2327,1,'KA',3,'BIND',51,'12.55-13.35','LABKIMIA3',2,'Selasa',61),(2328,1,'KA',3,'BIND',51,'13.35-14.15','LABKIMIA3',2,'Selasa',61),(2329,1,'KA',3,'BJAWA',51,'14.15-14.55','LABKIMIA3',2,'Selasa',61),(2330,1,'KA',3,'ISTIRAHAT',51,'14.55-15.10','LABKIMIA3',2,'Selasa',61),(2331,1,'KA',3,'BJAWA',51,'15.10-15.50','LABKIMIA3',2,'Selasa',61),(2332,1,'KA',3,'PPKN',55,'07.45-08.30','LABKIMIA3',2,'Selasa',62),(2333,1,'KA',3,'PPKN',55,'08.30-09.15','LABKIMIA3',2,'Selasa',62),(2334,1,'KA',3,'BIND',55,'09.15-10.00','LABKIMIA3',2,'Selasa',62),(2335,1,'KA',3,'ISTIRAHAT',55,'10.00-10.15','LABKIMIA3',2,'Selasa',62),(2336,1,'KA',3,'BIND',55,'10.15-11.00','LABKIMIA3',2,'Selasa',62),(2337,1,'KA',3,'BING',55,'11.00-11.45','LABKIMIA3',2,'Selasa',62),(2338,1,'KA',3,'ISTIRAHAT',55,'11.45-12.15','LABKIMIA3',2,'Selasa',62),(2339,1,'KA',3,'BING',55,'12.15-12.55','LABKIMIA3',2,'Selasa',62),(2340,1,'KA',3,'BING',55,'12.55-13.35','LABKIMIA3',2,'Selasa',62),(2341,1,'KA',3,'BING',55,'13.35-14.15','LABKIMIA3',2,'Selasa',62),(2342,1,'KA',3,'PAI',55,'14.15-14.55','LABKIMIA3',2,'Selasa',62),(2343,1,'KA',3,'ISTIRAHAT',55,'14.55-15.10','LABKIMIA3',2,'Selasa',62),(2344,1,'KA',3,'PAI',55,'15.10-15.50','LABKIMIA3',2,'Selasa',62),(2345,1,'KA',3,'PAI',55,'15.50-16.30','LABKIMIA3',2,'Selasa',62),(2346,1,'KA',3,'MTK',51,'07.45-08.30','LABKIMIA3',2,'Rabu',61),(2347,1,'KA',3,'MTK',51,'08.30-09.15','LABKIMIA3',2,'Rabu',61),(2348,1,'KA',3,'MTK',51,'09.15-10.00','LABKIMIA3',2,'Rabu',61),(2349,1,'KA',3,'ISTIRAHAT',51,'10.00-10.15','LABKIMIA3',2,'Rabu',61),(2350,1,'KA',3,'MTK',51,'10.15-11.00','LABKIMIA3',2,'Rabu',61),(2351,1,'KA',3,'AM',51,'11.00-11.45','LABKIMIA3',2,'Rabu',61),(2352,1,'KA',3,'ISTIRAHAT',51,'11.45-12.15','LABKIMIA3',2,'Rabu',61),(2353,1,'KA',3,'AM',51,'12.15-12.55','LABKIMIA3',2,'Rabu',61),(2354,1,'KA',3,'AM',51,'12.55-13.35','LABKIMIA3',2,'Rabu',61),(2355,1,'KA',3,'AM',51,'13.35-14.15','LABKIMIA3',2,'Rabu',61),(2356,1,'KA',3,'AM',51,'14.15-14.55','LABKIMIA3',2,'Rabu',61),(2357,1,'KA',3,'ISTIRAHAT',51,'14.55-15.10','LABKIMIA3',2,'Rabu',61),(2358,1,'KA',3,'AM',51,'15.10-15.50','LABKIMIA3',2,'Rabu',61),(2359,1,'KA',3,'AM',51,'15.50-16.30','LABKIMIA3',2,'Rabu',61),(2360,1,'KA',3,'ABA',55,'07.45-08.30','LABKIMIA3',2,'Rabu',62),(2361,1,'KA',3,'ABA',55,'08.30-09.15','LABKIMIA3',2,'Rabu',62),(2362,1,'KA',3,'ABA',55,'09.15-10.00','LABKIMIA3',2,'Rabu',62),(2363,1,'KA',3,'ISTIRAHAT',55,'10.00-10.15','LABKIMIA3',2,'Rabu',62),(2364,1,'KA',3,'ABA',55,'10.15-11.00','LABKIMIA3',2,'Rabu',62),(2365,1,'KA',3,'ABA',55,'11.00-11.45','LABKIMIA3',2,'Rabu',62),(2366,1,'KA',3,'ISTIRAHAT',55,'11.45-12.15','LABKIMIA3',2,'Rabu',62),(2367,1,'KA',3,'ABA',55,'12.15-12.55','LABKIMIA3',2,'Rabu',62),(2368,1,'KA',3,'ABA',55,'12.55-13.35','LABKIMIA3',2,'Rabu',62),(2369,1,'KA',3,'ABA',55,'13.35-14.15','LABKIMIA3',2,'Rabu',62),(2370,1,'KA',3,'ABA',55,'14.15-14.55','LABKIMIA3',2,'Rabu',62),(2371,1,'KA',3,'ABA',51,'07.45-08.30','LABKIMIA3',2,'Kamis',61),(2372,1,'KA',3,'ABA',51,'08.30-09.15','LABKIMIA3',2,'Kamis',61),(2373,1,'KA',3,'ABA',51,'09.15-10.00','LABKIMIA3',2,'Kamis',61),(2374,1,'KA',3,'ISTIRAHAT',51,'10.00-10.15','LABKIMIA3',2,'Kamis',61),(2375,1,'KA',3,'ABA',51,'10.15-11.00','LABKIMIA3',2,'Kamis',61),(2376,1,'KA',3,'ABA',51,'11.00-11.45','LABKIMIA3',2,'Kamis',61),(2377,1,'KA',3,'ISTIRAHAT',51,'11.45-12.15','LABKIMIA3',2,'Kamis',61),(2378,1,'KA',3,'ABA',51,'12.15-12.55','LABKIMIA3',2,'Kamis',61),(2379,1,'KA',3,'ABA',51,'12.55-13.35','LABKIMIA3',2,'Kamis',61),(2380,1,'KA',3,'AKI',51,'13.35-14.15','LABKIMIA3',2,'Kamis',61),(2381,1,'KA',3,'AKI',51,'14.15-14.55','LABKIMIA3',2,'Kamis',61),(2382,1,'KA',3,'ISTIRAHAT',51,'14.55-15.10','LABKIMIA3',2,'Kamis',61),(2383,1,'KA',3,'AKI',51,'15.10-15.50','LABKIMIA3',2,'Kamis',61),(2384,1,'KA',3,'AKI',51,'15.50-16.30','LABKIMIA3',2,'Kamis',61),(2385,1,'KA',3,'AKI',55,'07.45-08.30','LABKIMIA3',2,'Kamis',62),(2386,1,'KA',3,'AKI',55,'08.30-09.15','LABKIMIA3',2,'Kamis',62),(2387,1,'KA',3,'AKI',55,'09.15-10.00','LABKIMIA3',2,'Kamis',62),(2388,1,'KA',3,'ISTIRAHAT',55,'10.00-10.15','LABKIMIA3',2,'Kamis',62),(2389,1,'KA',3,'AKI',55,'10.15-11.00','LABKIMIA3',2,'Kamis',62),(2390,1,'KA',3,'AM',55,'11.00-11.45','LABKIMIA3',2,'Kamis',62),(2391,1,'KA',3,'ISTIRAHAT',55,'11.45-12.15','LABKIMIA3',2,'Kamis',62),(2392,1,'KA',3,'AM',55,'12.15-12.55','LABKIMIA3',2,'Kamis',62),(2393,1,'KA',3,'AM',55,'12.55-13.35','LABKIMIA3',2,'Kamis',62),(2394,1,'KA',3,'AM',55,'13.35-14.15','LABKIMIA3',2,'Kamis',62),(2395,1,'KA',3,'AM',55,'14.15-14.55','LABKIMIA3',2,'Kamis',62),(2396,1,'KA',3,'ISTIRAHAT',55,'14.55-15.10','LABKIMIA3',2,'Kamis',62),(2397,1,'KA',3,'AM',55,'15.10-15.50','LABKIMIA3',2,'Kamis',62),(2398,1,'KA',3,'AM',55,'15.50-16.30','LABKIMIA3',2,'Kamis',62),(2399,1,'KA',3,'JUMAT',51,'07.00-07.45','LABKIMIA3',2,'Jumat',61),(2400,1,'KA',3,'ABO',51,'07.45-08.30','LABKIMIA3',2,'Jumat',61),(2401,1,'KA',3,'ABO',51,'08.30-09.15','LABKIMIA3',2,'Jumat',61),(2402,1,'KA',3,'ABO',51,'09.15-10.00','LABKIMIA3',2,'Jumat',61),(2403,1,'KA',3,'ISTIRAHAT',51,'10.00-10.15','LABKIMIA3',2,'Jumat',61),(2404,1,'KA',3,'ABO',51,'10.15-11.00','LABKIMIA3',2,'Jumat',61),(2405,1,'KA',3,'ABO',51,'11.00-11.45','LABKIMIA3',2,'Jumat',61),(2406,1,'KA',3,'IBADAH',51,'11.45-12.15','LABKIMIA3',2,'Jumat',61),(2407,1,'KA',3,'IBADAH',51,'12.15-12.55','LABKIMIA3',2,'Jumat',61),(2408,1,'KA',3,'ISTIRAHAT',51,'12.55-13.35','LABKIMIA3',2,'Jumat',61),(2409,1,'KA',3,'ABO',51,'13.35-14.15','LABKIMIA3',2,'Jumat',61),(2410,1,'KA',3,'JUMAT',55,'07.00-07.45','LABKIMIA3',2,'Jumat',62),(2411,1,'KA',3,'PKK',55,'07.45-08.30','LABKIMIA3',2,'Jumat',62),(2412,1,'KA',3,'PKK',55,'08.30-09.15','LABKIMIA3',2,'Jumat',62),(2413,1,'KA',3,'PKK',55,'09.15-10.00','LABKIMIA3',2,'Jumat',62),(2414,1,'KA',3,'ISTIRAHAT',55,'10.00-10.15','LABKIMIA3',2,'Jumat',62),(2415,1,'KA',3,'PKK',55,'10.15-11.00','LABKIMIA3',2,'Jumat',62),(2416,1,'KA',3,'PKK',55,'11.00-11.45','LABKIMIA3',2,'Jumat',62),(2417,1,'KA',3,'IBADAH',55,'11.45-12.15','LABKIMIA3',2,'Jumat',62),(2418,1,'KA',3,'IBADAH',55,'12.15-12.55','LABKIMIA3',2,'Jumat',62),(2419,1,'KA',3,'ISTIRAHAT',55,'12.55-13.35','LABKIMIA3',2,'Jumat',62),(2420,1,'KA',3,'PKK',55,'13.35-14.15','LABKIMIA3',2,'Jumat',62),(2421,1,'KA',3,'PKK',55,'14.15-14.55','LABKIMIA3',2,'Jumat',62),(2422,1,'TAV',1,'SENIN',1,'07.00 - 07.45','RTAV1',2,'Senin',1),(2423,1,'TAV',1,'DLE',1,'07.45 - 08.30','RTAV1',2,'Senin',1),(2424,1,'TAV',1,'DLE',1,'08.30 - 09.15','RTAV1',2,'Senin',1),(2425,1,'TAV',1,'DLE',1,'09.15 - 10.00','RTAV1',2,'Senin',1),(2426,1,'TAV',1,'ISTIRAHAT',1,'10.00 - 10.15','RTAV1',2,'Senin',1),(2427,1,'TAV',1,'DLE',1,'10.15 - 11.00','RTAV1',2,'Senin',1),(2428,1,'TAV',1,'DLE',1,'11.00 - 11.45','RTAV1',2,'Senin',1),(2429,1,'TAV',1,'ISTIRAHAT',1,'11.45 - 12.15','RTAV1',2,'Senin',1),(2430,1,'TAV',1,'MTK',1,'12.15 - 12.55','RTAV1',2,'Senin',1),(2431,1,'TAV',1,'MTK',1,'12.55 - 13.35','RTAV1',2,'Senin',1),(2432,1,'TAV',1,'MTK',1,'13.35 - 14.15','RTAV1',2,'Senin',1),(2433,1,'TAV',1,'MTK',1,'14.15 - 14.55','RTAV1',2,'Senin',1),(2434,1,'TAV',1,'ISTIRAHAT',1,'14.55 - 15.10','RTAV1',2,'Senin',1),(2435,1,'TAV',1,'SEJARAH',1,'15.10 - 15.50','RTAV1',2,'Senin',1),(2436,1,'TAV',1,'SEJARAH',1,'15.50 - 16.30','RTAV1',2,'Senin',1),(2437,1,'TAV',1,'SEJARAH',1,'16.30 - 17.10','RTAV1',2,'Senin',1),(2438,1,'TAV',1,'SENIN',2,'07.00 - 07.45','RTAV1',2,'Senin',2),(2439,1,'TAV',1,'SB',2,'07.45 - 08.30','RTAV1',2,'Senin',2),(2440,1,'TAV',1,'SB',2,'08.30 - 09.15','RTAV1',2,'Senin',2),(2441,1,'TAV',1,'SB',2,'09.15 - 10.00','RTAV1',2,'Senin',2),(2442,1,'TAV',1,'ISTIRAHAT',2,'10.00 - 10.15','RTAV1',2,'Senin',2),(2443,1,'TAV',1,'FIS',2,'10.15 - 11.00','RTAV1',2,'Senin',2),(2444,1,'TAV',1,'FIS',2,'11.00 - 11.45','RTAV1',2,'Senin',2),(2445,1,'TAV',1,'ISTIRAHAT',2,'11.45 - 12.15','RTAV1',2,'Senin',2),(2446,1,'TAV',1,'FIS',2,'12.15 - 12.55','RTAV1',2,'Senin',2),(2447,1,'TAV',1,'BJAWA',2,'12.55 - 13.35','RTAV1',2,'Senin',2),(2448,1,'TAV',1,'BJAWA',2,'13.35 - 14.15','RTAV1',2,'Senin',2),(2449,1,'TAV',1,'TPMM',1,'07.00 - 07.45','RTAV1',2,'Selasa',1),(2450,1,'TAV',1,'TPMM',1,'07.45 - 08.30','RTAV1',2,'Selasa',1),(2451,1,'TAV',1,'TPMM',1,'08.30 - 09.15','RTAV1',2,'Selasa',1),(2452,1,'TAV',1,'TPMM',1,'09.15 - 10.00','RTAV1',2,'Selasa',1),(2453,1,'TAV',1,'ISTIRAHAT',1,'10.00 - 10.15','RTAV1',2,'Selasa',1),(2454,1,'TAV',1,'BJAWA',1,'10.15 - 11.00','RTAV1',2,'Selasa',1),(2455,1,'TAV',1,'BJAWA',1,'11.00 - 11.45','RTAV1',2,'Selasa',1),(2456,1,'TAV',1,'ISTIRAHAT',1,'11.45 - 12.15','RTAV1',2,'Selasa',1),(2457,1,'TAV',1,'KIM',1,'12.15 - 12.55','RTAV1',2,'Selasa',1),(2458,1,'TAV',1,'KIM',1,'12.55 - 13.35','RTAV1',2,'Selasa',1),(2459,1,'TAV',1,'KIM',1,'13.35 - 14.15','RTAV1',2,'Selasa',1),(2460,1,'TAV',1,'BIND',2,'07.00 - 07.45','RTAV1',2,'Selasa',2),(2461,1,'TAV',1,'BIND',2,'07.45 - 08.30','RTAV1',2,'Selasa',2),(2462,1,'TAV',1,'BIND',2,'08.30 - 09.15','RTAV1',2,'Selasa',2),(2463,1,'TAV',1,'BIND',2,'09.15 - 10.00','RTAV1',2,'Selasa',2),(2464,1,'TAV',1,'ISTIRAHAT',2,'10.00 - 10.15','RTAV1',2,'Selasa',2),(2465,1,'TAV',1,'MTK',2,'10.15 - 11.00','RTAV1',2,'Selasa',2),(2466,1,'TAV',1,'MTK',2,'11.00 - 11.45','RTAV1',2,'Selasa',2),(2467,1,'TAV',1,'ISTIRAHAT',2,'11.45 - 12.15','RTAV1',2,'Selasa',2),(2468,1,'TAV',1,'MTK',2,'12.15 - 12.55','RTAV1',2,'Selasa',2),(2469,1,'TAV',1,'MTK',2,'12.55 - 13.35','RTAV1',2,'Selasa',2),(2470,1,'TAV',1,'KBGT',2,'13.35 - 14.15','RTAV1',2,'Selasa',2),(2471,1,'TAV',1,'KBGT',2,'14.15 - 14.55','RTAV1',2,'Selasa',2),(2472,1,'TAV',1,'ISTIRAHAT',2,'14.55 - 15.10','RTAV1',2,'Selasa',2),(2473,1,'TAV',1,'KBGT',2,'15.10 - 15.50','RTAV1',2,'Selasa',2),(2474,1,'TAV',1,'KBGT',2,'15.50 - 16.30','RTAV1',2,'Selasa',2),(2475,1,'TAV',1,'FIS',1,'07.00 - 07.45','RTAV1',2,'Rabu',1),(2476,1,'TAV',1,'FIS',1,'07.45 - 08.30','RTAV1',2,'Rabu',1),(2477,1,'TAV',1,'FIS',1,'08.30 - 09.15','RTAV1',2,'Rabu',1),(2478,1,'TAV',1,'SIMDIG',1,'09.15 - 10.00','RTAV1',2,'Rabu',1),(2479,1,'TAV',1,'ISTIRAHAT',1,'10.00 - 10.15','RTAV1',2,'Rabu',1),(2480,1,'TAV',1,'SIMDIG',1,'10.15 - 11.00','RTAV1',2,'Rabu',1),(2481,1,'TAV',1,'SIMDIG',1,'11.00 - 11.45','RTAV1',2,'Rabu',1),(2482,1,'TAV',1,'ISTIRAHAT',1,'11.45 - 12.15','RTAV1',2,'Rabu',1),(2483,1,'TAV',1,'PAI',1,'12.15 - 12.55','RTAV1',2,'Rabu',1),(2484,1,'TAV',1,'PAI',1,'12.55 - 13.35','RTAV1',2,'Rabu',1),(2485,1,'TAV',1,'PAI',1,'13.35 - 14.15','RTAV1',2,'Rabu',1),(2486,1,'TAV',1,'TPMM',2,'07.00 - 07.45','RTAV1',2,'Rabu',2),(2487,1,'TAV',1,'TPMM',2,'07.45 - 08.30','RTAV1',2,'Rabu',2),(2488,1,'TAV',1,'TPMM',2,'08.30 - 09.15','RTAV1',2,'Rabu',2),(2489,1,'TAV',1,'TPMM',2,'09.15 - 10.00','RTAV1',2,'Rabu',2),(2490,1,'TAV',1,'ISTIRAHAT',2,'10.00 - 10.15','RTAV1',2,'Rabu',2),(2491,1,'TAV',1,'DLE',2,'10.15 - 11.00','RTAV1',2,'Rabu',2),(2492,1,'TAV',1,'DLE',2,'11.00 - 11.45','RTAV1',2,'Rabu',2),(2493,1,'TAV',1,'ISTIRAHAT',2,'11.45 - 12.15','RTAV1',2,'Rabu',2),(2494,1,'TAV',1,'DLE',2,'12.15 - 12.55','RTAV1',2,'Rabu',2),(2495,1,'TAV',1,'DLE',2,'12.55 - 13.35','RTAV1',2,'Rabu',2),(2496,1,'TAV',1,'DLE',2,'13.35 - 14.15','RTAV1',2,'Rabu',2),(2497,1,'TAV',1,'BIND',1,'07.00 - 07.45','RTAV1',2,'Kamis',1),(2498,1,'TAV',1,'BIND',1,'07.45 - 08.30','RTAV1',2,'Kamis',1),(2499,1,'TAV',1,'BIND',1,'08.30 - 09.15','RTAV1',2,'Kamis',1),(2500,1,'TAV',1,'BIND',1,'09.15 - 10.00','RTAV1',2,'Kamis',1),(2501,1,'TAV',1,'ISTIRAHAT',1,'10.00 - 10.15','RTAV1',2,'Kamis',1),(2502,1,'TAV',1,'PPKN',1,'10.15 - 11.00','RTAV1',2,'Kamis',1),(2503,1,'TAV',1,'PPKN',1,'11.00 - 11.45','RTAV1',2,'Kamis',1),(2504,1,'TAV',1,'ISTIRAHAT',1,'11.45 - 12.15','RTAV1',2,'Kamis',1),(2505,1,'TAV',1,'KBGT',1,'12.15 - 12.55','RTAV1',2,'Kamis',1),(2506,1,'TAV',1,'KBGT',1,'12.55 - 13.35','RTAV1',2,'Kamis',1),(2507,1,'TAV',1,'KBGT',1,'13.35 - 14.15','RTAV1',2,'Kamis',1),(2508,1,'TAV',1,'KBGT',1,'14.15 - 14.55','RTAV1',2,'Kamis',1),(2509,1,'TAV',1,'ISTIRAHAT',1,'14.55 - 15.10','RTAV1',2,'Kamis',1),(2510,1,'TAV',1,'PENJAS',1,'15.10 - 15.50','RTAV1',2,'Kamis',1),(2511,1,'TAV',1,'PENJAS',1,'15.50 - 16.30','RTAV1',2,'Kamis',1),(2512,1,'TAV',1,'SEJARAH',2,'07.00 - 07.45','RTAV1',2,'Kamis',2),(2513,1,'TAV',1,'SEJARAH',2,'07.45 - 08.30','RTAV1',2,'Kamis',2),(2514,1,'TAV',1,'SEJARAH',2,'08.30 - 09.15','RTAV1',2,'Kamis',2),(2515,1,'TAV',1,'PPKN',2,'09.15 - 10.00','RTAV1',2,'Kamis',2),(2516,1,'TAV',1,'ISTIRAHAT',2,'10.00 - 10.15','RTAV1',2,'Kamis',2),(2517,1,'TAV',1,'PPKN',2,'10.15 - 11.00','RTAV1',2,'Kamis',2),(2518,1,'TAV',1,'SIMDIG',2,'11.00 - 11.45','RTAV1',2,'Kamis',2),(2519,1,'TAV',1,'ISTIRAHAT',2,'11.45 - 12.15','RTAV1',2,'Kamis',2),(2520,1,'TAV',1,'SIMDIG',2,'12.15 - 12.55','RTAV1',2,'Kamis',2),(2521,1,'TAV',1,'SIMDIG',2,'12.55 - 13.35','RTAV1',2,'Kamis',2),(2522,1,'TAV',1,'BING',2,'13.35 - 14.15','RTAV1',2,'Kamis',2),(2523,1,'TAV',1,'BING',2,'14.15 - 14.55','RTAV1',2,'Kamis',2),(2524,1,'TAV',1,'ISTIRAHAT',2,'14.55 - 15.10','RTAV1',2,'Kamis',2),(2525,1,'TAV',1,'BING',2,'15.10 - 15.50','RTAV1',2,'Kamis',2),(2526,1,'TAV',1,'PENJAS',2,'15.50 - 16.30','RTAV1',2,'Kamis',2),(2527,1,'TAV',1,'PENJAS',2,'16.30 - 17.10','RTAV1',2,'Kamis',2),(2528,1,'TAV',1,'JUMAT',1,'07.00 - 07.45','RTAV1',2,'Jumat',1),(2529,1,'TAV',1,'BING',1,'07.45 - 08.30','RTAV1',2,'Jumat',1),(2530,1,'TAV',1,'BING',1,'08.30 - 09.15','RTAV1',2,'Jumat',1),(2531,1,'TAV',1,'BING',1,'09.15 - 10.00','RTAV1',2,'Jumat',1),(2532,1,'TAV',1,'ISTIRAHAT',1,'10.00 - 10.15','RTAV1',2,'Jumat',1),(2533,1,'TAV',1,'SB',1,'10.15 - 11.00','RTAV1',2,'Jumat',1),(2534,1,'TAV',1,'SB',1,'11.00 - 11.45','RTAV1',2,'Jumat',1),(2535,1,'TAV',1,'JUMAT',2,'07.00 - 07.45','RTAV1',2,'Jumat',2),(2536,1,'TAV',1,'PAI',2,'07.45 - 08.30','RTAV1',2,'Jumat',2),(2537,1,'TAV',1,'PAI',2,'08.30 - 09.15','RTAV1',2,'Jumat',2),(2538,1,'TAV',1,'PAI',2,'09.15 - 10.00','RTAV1',2,'Jumat',2),(2539,1,'TAV',1,'ISTIRAHAT',2,'10.00 - 10.15','RTAV1',2,'Jumat',2),(2540,1,'TAV',1,'KIM',2,'10.15 - 11.00','RTAV1',2,'Jumat',2),(2541,1,'TAV',1,'KIM',2,'11.00 - 11.45','RTAV1',2,'Jumat',2),(2542,1,'TGB',1,'SENIN',9,'07.00 - 07.45','RTGB1',2,'Senin',25),(2543,1,'TGB',1,'MTK',9,'07.45 - 08.30','RTGB1',2,'Senin',25),(2544,1,'TGB',1,'MTK',9,'08.30 - 09.15','RTGB1',2,'Senin',25),(2545,1,'TGB',1,'BJAWA',9,'09.15 - 10.00','RTGB1',2,'Senin',25),(2546,1,'TGB',1,'ISTIRAHAT',9,'10.00 - 10.15','RTGB1',2,'Senin',25),(2547,1,'TGB',1,'BJAWA',9,'10.15 - 11.00','RTGB1',2,'Senin',25),(2548,1,'TGB',1,'PPKN',9,'11.00 - 11.45','RTGB1',2,'Senin',25),(2549,1,'TGB',1,'ISTIRAHAT',9,'11.45 - 12.15','RTGB1',2,'Senin',25),(2550,1,'TGB',1,'PPKN',9,'12.15 - 12.55','RTGB1',2,'Senin',25),(2551,1,'TGB',1,'SIMDIG',9,'12.55 - 13.35','RTGB1',2,'Senin',25),(2552,1,'TGB',1,'SIMDIG',9,'13.35 - 14.15','RTGB1',2,'Senin',25),(2553,1,'TGB',1,'SIMDIG',9,'14.15 - 14.55','RTGB1',2,'Senin',25),(2554,1,'TGB',1,'ISTIRAHAT',9,'14.55 - 15.10','RTGB1',2,'Senin',25),(2555,1,'TGB',1,'KIM',9,'15.10 - 15.50','RTGB1',2,'Senin',25),(2556,1,'TGB',1,'KIM',9,'15.50 - 16.30','RTGB1',2,'Senin',25),(2557,1,'TGB',1,'KIM',9,'16.30 - 17.10','RTGB1',2,'Senin',25),(2558,1,'TGB',1,'SENIN',13,'07.00 - 07.45','RTGB1',2,'Senin',26),(2559,1,'TGB',1,'BING',13,'07.45 - 08.30','RTGB1',2,'Senin',26),(2560,1,'TGB',1,'BING',13,'08.30 - 09.15','RTGB1',2,'Senin',26),(2561,1,'TGB',1,'BING',13,'09.15 - 10.00','RTGB1',2,'Senin',26),(2562,1,'TGB',1,'ISTIRAHAT',13,'10.00 - 10.15','RTGB1',2,'Senin',26),(2563,1,'TGB',1,'MTK',13,'10.15 - 11.00','RTGB1',2,'Senin',26),(2564,1,'TGB',1,'MTK',13,'11.00 - 11.45','RTGB1',2,'Senin',26),(2565,1,'TGB',1,'ISTIRAHAT',13,'11.45 - 12.15','RTGB1',2,'Senin',26),(2566,1,'TGB',1,'MTK',13,'12.15 - 12.55','RTGB1',2,'Senin',26),(2567,1,'TGB',1,'MTK',13,'12.55 - 13.35','RTGB1',2,'Senin',26),(2568,1,'TGB',1,'FIS',13,'13.35 - 14.15','RTGB1',2,'Senin',26),(2569,1,'TGB',1,'FIS',13,'14.15 - 14.55','RTGB1',2,'Senin',26),(2570,1,'TGB',1,'ISTIRAHAT',13,'14.55 - 15.10','RTGB1',2,'Senin',26),(2571,1,'TGB',1,'FIS',13,'15.10 - 15.50','RTGB1',2,'Senin',26),(2572,1,'TGB',1,'MT',9,'07.00 - 07.45','RTGB1',2,'Selasa',25),(2573,1,'TGB',1,'MT',9,'07.45 - 08.30','RTGB1',2,'Selasa',25),(2574,1,'TGB',1,'MT',9,'08.30 - 09.15','RTGB1',2,'Selasa',25),(2575,1,'TGB',1,'PAI',9,'09.15 - 10.00','RTGB1',2,'Selasa',25),(2576,1,'TGB',1,'ISTIRAHAT',9,'10.00 - 10.15','RTGB1',2,'Selasa',25),(2577,1,'TGB',1,'PAI',9,'10.15 - 11.00','RTGB1',2,'Selasa',25),(2578,1,'TGB',1,'PAI',9,'11.00 - 11.45','RTGB1',2,'Selasa',25),(2579,1,'TGB',1,'ISTIRAHAT',9,'11.45 - 12.15','RTGB1',2,'Selasa',25),(2580,1,'TGB',1,'BIND',9,'12.15 - 12.55','RTGB1',2,'Selasa',25),(2581,1,'TGB',1,'BIND',9,'12.55 - 13.35','RTGB1',2,'Selasa',25),(2582,1,'TGB',1,'BIND',9,'13.35 - 14.15','RTGB1',2,'Selasa',25),(2583,1,'TGB',1,'BIND',9,'14.15 - 14.55','RTGB1',2,'Selasa',25),(2584,1,'TGB',1,'ISTIRAHAT',9,'14.55 - 15.10','RTGB1',2,'Selasa',25),(2585,1,'TGB',1,'PENJAS',9,'15.10 - 15.50','RTGB1',2,'Selasa',25),(2586,1,'TGB',1,'PENJAS',9,'15.50 - 16.30','RTGB1',2,'Selasa',25),(2587,1,'TGB',1,'BIND',13,'07.00 - 07.45','RTGB1',2,'Selasa',26),(2588,1,'TGB',1,'BIND',13,'07.45 - 08.30','RTGB1',2,'Selasa',26),(2589,1,'TGB',1,'BIND',13,'08.30 - 09.15','RTGB1',2,'Selasa',26),(2590,1,'TGB',1,'BIND',13,'09.15 - 10.00','RTGB1',2,'Selasa',26),(2591,1,'TGB',1,'ISTIRAHAT',13,'10.00 - 10.15','RTGB1',2,'Selasa',26),(2592,1,'TGB',1,'BJAWA',13,'10.15 - 11.00','RTGB1',2,'Selasa',26),(2593,1,'TGB',1,'BJAWA',13,'11.00 - 11.45','RTGB1',2,'Selasa',26),(2594,1,'TGB',1,'ISTIRAHAT',13,'11.45 - 12.15','RTGB1',2,'Selasa',26),(2595,1,'TGB',1,'SEJARAH',13,'12.15 - 12.55','RTGB1',2,'Selasa',26),(2596,1,'TGB',1,'SEJARAH',13,'12.55 - 13.35','RTGB1',2,'Selasa',26),(2597,1,'TGB',1,'SEJARAH',13,'13.35 - 14.15','RTGB1',2,'Selasa',26),(2598,1,'TGB',1,'PAI',13,'14.15 - 14.55','RTGB1',2,'Selasa',26),(2599,1,'TGB',1,'ISTIRAHAT',13,'14.55 - 15.10','RTGB1',2,'Selasa',26),(2600,1,'TGB',1,'PAI',13,'15.10 - 15.50','RTGB1',2,'Selasa',26),(2601,1,'TGB',1,'PAI',13,'15.50 - 16.30','RTGB1',2,'Selasa',26),(2602,1,'TGB',1,'BING',9,'07.00 - 07.45','RTGB1',2,'Rabu',25),(2603,1,'TGB',1,'BING',9,'07.45 - 08.30','RTGB1',2,'Rabu',25),(2604,1,'TGB',1,'BING',9,'08.30 - 09.15','RTGB1',2,'Rabu',25),(2605,1,'TGB',1,'SB',9,'09.15 - 10.00','RTGB1',2,'Rabu',25),(2606,1,'TGB',1,'ISTIRAHAT',9,'10.00 - 10.15','RTGB1',2,'Rabu',25),(2607,1,'TGB',1,'SB',9,'10.15 - 11.00','RTGB1',2,'Rabu',25),(2608,1,'TGB',1,'SB',9,'11.00 - 11.45','RTGB1',2,'Rabu',25),(2609,1,'TGB',1,'ISTIRAHAT',9,'11.45 - 12.15','RTGB1',2,'Rabu',25),(2610,1,'TGB',1,'FIS',9,'12.15 - 12.55','RTGB1',2,'Rabu',25),(2611,1,'TGB',1,'FIS',9,'12.55 - 13.35','RTGB1',2,'Rabu',25),(2612,1,'TGB',1,'FIS',9,'13.35 - 14.15','RTGB1',2,'Rabu',25),(2613,1,'TGB',1,'PENJAS',13,'07.00 - 07.45','RTGB1',2,'Rabu',26),(2614,1,'TGB',1,'PENJAS',13,'07.45 - 08.30','RTGB1',2,'Rabu',26),(2615,1,'TGB',1,'PPKN',13,'08.30 - 09.15','RTGB1',2,'Rabu',26),(2616,1,'TGB',1,'PPKN',13,'09.15 - 10.00','RTGB1',2,'Rabu',26),(2617,1,'TGB',1,'ISTIRAHAT',13,'10.00 - 10.15','RTGB1',2,'Rabu',26),(2618,1,'TGB',1,'KB',13,'10.15 - 11.00','RTGB1',2,'Rabu',26),(2619,1,'TGB',1,'KB',13,'11.00 - 11.45','RTGB1',2,'Rabu',26),(2620,1,'TGB',1,'ISTIRAHAT',13,'11.45 - 12.15','RTGB1',2,'Rabu',26),(2621,1,'TGB',1,'KB',13,'12.15 - 12.55','RTGB1',2,'Rabu',26),(2622,1,'TGB',1,'KB',13,'12.55 - 13.35','RTGB1',2,'Rabu',26),(2623,1,'TGB',1,'KB',13,'13.35 - 14.15','RTGB1',2,'Rabu',26),(2624,1,'TGB',1,'KB',13,'14.15 - 14.55','RTGB1',2,'Rabu',26),(2625,1,'TGB',1,'ISTIRAHAT',13,'14.55 - 15.10','RTGB1',2,'Rabu',26),(2626,1,'TGB',1,'KB',13,'15.10 - 15.50','RTGB1',2,'Rabu',26),(2627,1,'TGB',1,'GAMTEK',9,'07.00 - 07.45','RTGB1',2,'Kamis',25),(2628,1,'TGB',1,'GAMTEK',9,'07.45 - 08.30','RTGB1',2,'Kamis',25),(2629,1,'TGB',1,'GAMTEK',9,'08.30 - 09.15','RTGB1',2,'Kamis',25),(2630,1,'TGB',1,'GAMTEK',9,'09.15 - 10.00','RTGB1',2,'Kamis',25),(2631,1,'TGB',1,'ISTIRAHAT',9,'10.00 - 10.15','RTGB1',2,'Kamis',25),(2632,1,'TGB',1,'TPT',9,'10.15 - 11.00','RTGB1',2,'Kamis',25),(2633,1,'TGB',1,'TPT',9,'11.00 - 11.45','RTGB1',2,'Kamis',25),(2634,1,'TGB',1,'ISTIRAHAT',9,'11.45 - 12.15','RTGB1',2,'Kamis',25),(2635,1,'TGB',1,'TPT',9,'12.15 - 12.55','RTGB1',2,'Kamis',25),(2636,1,'TGB',1,'MTK',9,'12.55 - 13.35','RTGB1',2,'Kamis',25),(2637,1,'TGB',1,'MTK',9,'13.35 - 14.15','RTGB1',2,'Kamis',25),(2638,1,'TGB',1,'SIMDIG',13,'07.00 - 07.45','RTGB1',2,'Kamis',26),(2639,1,'TGB',1,'SIMDIG',13,'07.45 - 08.30','RTGB1',2,'Kamis',26),(2640,1,'TGB',1,'SIMDIG',13,'08.30 - 09.15','RTGB1',2,'Kamis',26),(2641,1,'TGB',1,'KIM',13,'09.15 - 10.00','RTGB1',2,'Kamis',26),(2642,1,'TGB',1,'ISTIRAHAT',13,'10.00 - 10.15','RTGB1',2,'Kamis',26),(2643,1,'TGB',1,'KIM',13,'10.15 - 11.00','RTGB1',2,'Kamis',26),(2644,1,'TGB',1,'KIM',13,'11.00 - 11.45','RTGB1',2,'Kamis',26),(2645,1,'TGB',1,'ISTIRAHAT',13,'11.45 - 12.15','RTGB1',2,'Kamis',26),(2646,1,'TGB',1,'SB',13,'12.15 - 12.55','RTGB1',2,'Kamis',26),(2647,1,'TGB',1,'SB',13,'12.55 - 13.35','RTGB1',2,'Kamis',26),(2648,1,'TGB',1,'SB',13,'13.35 - 14.15','RTGB1',2,'Kamis',26),(2649,1,'TGB',1,'JUMAT',9,'07.00 - 07.45','RTGB1',2,'Jumat',25),(2650,1,'TGB',1,'KB',9,'07.45 - 08.30','RTGB1',2,'Jumat',25),(2651,1,'TGB',1,'KB',9,'08.30 - 09.15','RTGB1',2,'Jumat',25),(2652,1,'TGB',1,'KB',9,'09.15 - 10.00','RTGB1',2,'Jumat',25),(2653,1,'TGB',1,'ISTIRAHAT',9,'10.00 - 10.15','RTGB1',2,'Jumat',25),(2654,1,'TGB',1,'SEJARAH',9,'10.15 - 11.00','RTGB1',2,'Jumat',25),(2655,1,'TGB',1,'SEJARAH',9,'11.00 - 11.45','RTGB1',2,'Jumat',25),(2656,1,'TGB',1,'JUMAT',13,'07.00 - 07.45','RTGB1',2,'Jumat',26),(2657,1,'TGB',1,'GAMTEK',13,'07.45 - 08.30','RTGB1',2,'Jumat',26),(2658,1,'TGB',1,'GAMTEK',13,'08.30 - 09.15','RTGB1',2,'Jumat',26),(2659,1,'TGB',1,'GAMTEK',13,'09.15 - 10.00','RTGB1',2,'Jumat',26),(2660,1,'TGB',1,'ISTIRAHAT',13,'10.00 - 10.15','RTGB1',2,'Jumat',26),(2661,1,'TGB',1,'MT',13,'10.15 - 11.00','RTGB1',2,'Jumat',26),(2662,1,'TGB',1,'MT',13,'11.00 - 11.45','RTGB1',2,'Jumat',26),(2663,1,'TKJ',1,'SENIN',25,'07.00 - 07.45','RTKJ1',2,'Senin',33),(2664,1,'TKJ',1,'KOMJAR',25,'07.45 - 08.30','RTKJ1',2,'Senin',33),(2665,1,'TKJ',1,'KOMJAR',25,'08.30 - 09.15','RTKJ1',2,'Senin',33),(2666,1,'TKJ',1,'KOMJAR',25,'09.15 - 10.00','RTKJ1',2,'Senin',33),(2667,1,'TKJ',1,'ISTIRAHAT',25,'10.00 - 10.15','RTKJ1',2,'Senin',33),(2668,1,'TKJ',1,'KOMJAR',25,'10.15 - 11.00','RTKJ1',2,'Senin',33),(2669,1,'TKJ',1,'KOMJAR',25,'11.00 - 11.45','RTKJ1',2,'Senin',33),(2670,1,'TKJ',1,'ISTIRAHAT',25,'11.45 - 12.15','RTKJ1',2,'Senin',33),(2671,1,'TKJ',1,'SKOM',25,'12.15 - 12.55','RTKJ1',2,'Senin',33),(2672,1,'TKJ',1,'SKOM',25,'12.55 - 13.35','RTKJ1',2,'Senin',33),(2673,1,'TKJ',1,'DDG',25,'13.35 - 14.15','RTKJ1',2,'Senin',33),(2674,1,'TKJ',1,'DDG',25,'14.15 - 14.55','RTKJ1',2,'Senin',33),(2675,1,'TKJ',1,'ISTIRAHAT',25,'14.55 - 15.10','RTKJ1',2,'Senin',33),(2676,1,'TKJ',1,'DDG',25,'15.10 - 15.50','RTKJ1',2,'Senin',33),(2677,1,'TKJ',1,'SENIN',29,'07.00 - 07.45','RTKJ1',2,'Senin',34),(2678,1,'TKJ',1,'BING',29,'07.45 - 08.30','RTKJ1',2,'Senin',34),(2679,1,'TKJ',1,'BING',29,'08.30 - 09.15','RTKJ1',2,'Senin',34),(2680,1,'TKJ',1,'BING',29,'09.15 - 10.00','RTKJ1',2,'Senin',34),(2681,1,'TKJ',1,'ISTIRAHAT',29,'10.00 - 10.15','RTKJ1',2,'Senin',34),(2682,1,'TKJ',1,'PENJAS',29,'10.15 - 11.00','RTKJ1',2,'Senin',34),(2683,1,'TKJ',1,'PENJAS',29,'11.00 - 11.45','RTKJ1',2,'Senin',34),(2684,1,'TKJ',1,'ISTIRAHAT',29,'11.45 - 12.15','RTKJ1',2,'Senin',34),(2685,1,'TKJ',1,'SB',29,'12.15 - 12.55','RTKJ1',2,'Senin',34),(2686,1,'TKJ',1,'SB',29,'12.55 - 13.35','RTKJ1',2,'Senin',34),(2687,1,'TKJ',1,'SB',29,'13.35 - 14.15','RTKJ1',2,'Senin',34),(2688,1,'TKJ',1,'BJAWA',29,'14.15 - 14.55','RTKJ1',2,'Senin',34),(2689,1,'TKJ',1,'ISTIRAHAT',29,'14.55 - 15.10','RTKJ1',2,'Senin',34),(2690,1,'TKJ',1,'BJAWA',29,'15.10 - 15.50','RTKJ1',2,'Senin',34),(2691,1,'TKJ',1,'MTK',25,'07.00 - 07.45','RTKJ1',2,'Selasa',33),(2692,1,'TKJ',1,'MTK',25,'07.45 - 08.30','RTKJ1',2,'Selasa',33),(2693,1,'TKJ',1,'PENJAS',25,'08.30 - 09.15','RTKJ1',2,'Selasa',33),(2694,1,'TKJ',1,'PENJAS',25,'09.15 - 10.00','RTKJ1',2,'Selasa',33),(2695,1,'TKJ',1,'ISTIRAHAT',25,'10.00 - 10.15','RTKJ1',2,'Selasa',33),(2696,1,'TKJ',1,'PPKN',25,'10.15 - 11.00','RTKJ1',2,'Selasa',33),(2697,1,'TKJ',1,'PPKN',25,'11.00 - 11.45','RTKJ1',2,'Selasa',33),(2698,1,'TKJ',1,'ISTIRAHAT',25,'11.45 - 12.15','RTKJ1',2,'Selasa',33),(2699,1,'TKJ',1,'MTK',25,'12.15 - 12.55','RTKJ1',2,'Selasa',33),(2700,1,'TKJ',1,'MTK',25,'12.55 - 13.35','RTKJ1',2,'Selasa',33),(2701,1,'TKJ',1,'PAI',25,'13.35 - 14.15','RTKJ1',2,'Selasa',33),(2702,1,'TKJ',1,'PAI',25,'14.15 - 14.55','RTKJ1',2,'Selasa',33),(2703,1,'TKJ',1,'ISTIRAHAT',25,'14.55 - 15.10','RTKJ1',2,'Selasa',33),(2704,1,'TKJ',1,'PAI',25,'15.10 - 15.50','RTKJ1',2,'Selasa',33),(2705,1,'TKJ',1,'PPKN',29,'07.00 - 07.45','RTKJ1',2,'Selasa',34),(2706,1,'TKJ',1,'PPKN',29,'07.45 - 08.30','RTKJ1',2,'Selasa',34),(2707,1,'TKJ',1,'PAI',29,'08.30 - 09.15','RTKJ1',2,'Selasa',34),(2708,1,'TKJ',1,'PAI',29,'09.15 - 10.00','RTKJ1',2,'Selasa',34),(2709,1,'TKJ',1,'ISTIRAHAT',29,'10.00 - 10.15','RTKJ1',2,'Selasa',34),(2710,1,'TKJ',1,'PAI',29,'10.15 - 11.00','RTKJ1',2,'Selasa',34),(2711,1,'TKJ',1,'BIND',29,'11.00 - 11.45','RTKJ1',2,'Selasa',34),(2712,1,'TKJ',1,'ISTIRAHAT',29,'11.45 - 12.15','RTKJ1',2,'Selasa',34),(2713,1,'TKJ',1,'BIND',29,'12.15 - 12.55','RTKJ1',2,'Selasa',34),(2714,1,'TKJ',1,'BIND',29,'12.55 - 13.35','RTKJ1',2,'Selasa',34),(2715,1,'TKJ',1,'BIND',29,'13.35 - 14.15','RTKJ1',2,'Selasa',34),(2716,1,'TKJ',1,'KIM',29,'14.15 - 14.55','RTKJ1',2,'Selasa',34),(2717,1,'TKJ',1,'ISTIRAHAT',29,'14.55 - 15.10','RTKJ1',2,'Selasa',34),(2718,1,'TKJ',1,'KIM',29,'15.10 - 15.50','RTKJ1',2,'Selasa',34),(2719,1,'TKJ',1,'KIM',29,'15.50 - 16.30','RTKJ1',2,'Selasa',34),(2720,1,'TKJ',1,'SIMDIG',25,'07.00 - 07.45','RTKJ1',2,'Rabu',33),(2721,1,'TKJ',1,'SIMDIG',25,'07.45 - 08.30','RTKJ1',2,'Rabu',33),(2722,1,'TKJ',1,'SIMDIG',25,'08.30 - 09.15','RTKJ1',2,'Rabu',33),(2723,1,'TKJ',1,'SEJARAH',25,'09.15 - 10.00','RTKJ1',2,'Rabu',33),(2724,1,'TKJ',1,'ISTIRAHAT',25,'10.00 - 10.15','RTKJ1',2,'Rabu',33),(2725,1,'TKJ',1,'SEJARAH',25,'10.15 - 11.00','RTKJ1',2,'Rabu',33),(2726,1,'TKJ',1,'SEJARAH',25,'11.00 - 11.45','RTKJ1',2,'Rabu',33),(2727,1,'TKJ',1,'ISTIRAHAT',25,'11.45 - 12.15','RTKJ1',2,'Rabu',33),(2728,1,'TKJ',1,'BJAWA',25,'12.15 - 12.55','RTKJ1',2,'Rabu',33),(2729,1,'TKJ',1,'BJAWA',25,'12.55 - 13.35','RTKJ1',2,'Rabu',33),(2730,1,'TKJ',1,'BING',25,'13.35 - 14.15','RTKJ1',2,'Rabu',33),(2731,1,'TKJ',1,'BING',25,'14.15 - 14.55','RTKJ1',2,'Rabu',33),(2732,1,'TKJ',1,'ISTIRAHAT',25,'14.55 - 15.10','RTKJ1',2,'Rabu',33),(2733,1,'TKJ',1,'BING',25,'15.10 - 15.50','RTKJ1',2,'Rabu',33),(2734,1,'TKJ',1,'SKOM',29,'07.00 - 07.45','RTKJ1',2,'Rabu',34),(2735,1,'TKJ',1,'SKOM',29,'07.45 - 08.30','RTKJ1',2,'Rabu',34),(2736,1,'TKJ',1,'DDG',29,'08.30 - 09.15','RTKJ1',2,'Rabu',34),(2737,1,'TKJ',1,'DDG',29,'09.15 - 10.00','RTKJ1',2,'Rabu',34),(2738,1,'TKJ',1,'ISTIRAHAT',29,'10.00 - 10.15','RTKJ1',2,'Rabu',34),(2739,1,'TKJ',1,'DDG',29,'10.15 - 11.00','RTKJ1',2,'Rabu',34),(2740,1,'TKJ',1,'KOMJAR',29,'11.00 - 11.45','RTKJ1',2,'Rabu',34),(2741,1,'TKJ',1,'ISTIRAHAT',29,'11.45 - 12.15','RTKJ1',2,'Rabu',34),(2742,1,'TKJ',1,'KOMJAR',29,'12.15 - 12.55','RTKJ1',2,'Rabu',34),(2743,1,'TKJ',1,'KOMJAR',29,'12.55 - 13.35','RTKJ1',2,'Rabu',34),(2744,1,'TKJ',1,'KOMJAR',29,'13.35 - 14.15','RTKJ1',2,'Rabu',34),(2745,1,'TKJ',1,'KOMJAR',29,'14.15 - 14.55','RTKJ1',2,'Rabu',34),(2746,1,'TKJ',1,'PEMDAS',25,'07.00 - 07.45','RTKJ1',2,'Kamis',33),(2747,1,'TKJ',1,'PEMDAS',25,'07.45 - 08.30','RTKJ1',2,'Kamis',33),(2748,1,'TKJ',1,'PEMDAS',25,'08.30 - 09.15','RTKJ1',2,'Kamis',33),(2749,1,'TKJ',1,'KIM',25,'09.15 - 10.00','RTKJ1',2,'Kamis',33),(2750,1,'TKJ',1,'ISTIRAHAT',25,'10.00 - 10.15','RTKJ1',2,'Kamis',33),(2751,1,'TKJ',1,'KIM',25,'10.15 - 11.00','RTKJ1',2,'Kamis',33),(2752,1,'TKJ',1,'KIM',25,'11.00 - 11.45','RTKJ1',2,'Kamis',33),(2753,1,'TKJ',1,'ISTIRAHAT',25,'11.45 - 12.15','RTKJ1',2,'Kamis',33),(2754,1,'TKJ',1,'BIND',25,'12.15 - 12.55','RTKJ1',2,'Kamis',33),(2755,1,'TKJ',1,'BIND',25,'12.55 - 13.35','RTKJ1',2,'Kamis',33),(2756,1,'TKJ',1,'BIND',25,'13.35 - 14.15','RTKJ1',2,'Kamis',33),(2757,1,'TKJ',1,'BIND',25,'14.15 - 14.55','RTKJ1',2,'Kamis',33),(2758,1,'TKJ',1,'MTK',29,'07.00 - 07.45','RTKJ1',2,'Senin',34),(2759,1,'TKJ',1,'MTK',29,'07.45 - 08.30','RTKJ1',2,'Senin',34),(2760,1,'TKJ',1,'MTK',29,'08.30 - 09.15','RTKJ1',2,'Kamis',34),(2761,1,'TKJ',1,'MTK',29,'09.15 - 10.00','RTKJ1',2,'Kamis',34),(2762,1,'TKJ',1,'ISTIRAHAT',29,'10.00 - 10.15','RTKJ1',2,'Kamis',34),(2763,1,'TKJ',1,'SEJARAH',29,'10.15 - 11.00','RTKJ1',2,'Kamis',34),(2764,1,'TKJ',1,'SEJARAH',29,'11.00 - 11.45','RTKJ1',2,'Kamis',34),(2765,1,'TKJ',1,'ISTIRAHAT',29,'11.45 - 12.15','RTKJ1',2,'Kamis',34),(2766,1,'TKJ',1,'SEJARAH',29,'12.15 - 12.55','RTKJ1',2,'Kamis',34),(2767,1,'TKJ',1,'PEMDAS',29,'12.55 - 13.35','RTKJ1',2,'Kamis',34),(2768,1,'TKJ',1,'PEMDAS',29,'13.35 - 14.15','RTKJ1',2,'Kamis',34),(2769,1,'TKJ',1,'PEMDAS',29,'14.15 - 14.55','RTKJ1',2,'Kamis',34),(2770,1,'TKJ',1,'JUMAT',25,'07.00 - 07.45','RTKJ1',2,'Jumat',33),(2771,1,'TKJ',1,'FIS',25,'07.45 - 08.30','RTKJ1',2,'Jumat',33),(2772,1,'TKJ',1,'FIS',25,'08.30 - 09.15','RTKJ1',2,'Jumat',33),(2773,1,'TKJ',1,'FIS',25,'09.15 - 10.00','RTKJ1',2,'Jumat',33),(2774,1,'TKJ',1,'ISTIRAHAT',25,'10.00 - 10.15','RTKJ1',2,'Jumat',33),(2775,1,'TKJ',1,'SB',25,'10.15 - 11.00','RTKJ1',2,'Jumat',33),(2776,1,'TKJ',1,'SB',25,'11.00 - 11.45','RTKJ1',2,'Jumat',33),(2777,1,'TKJ',1,'JUMAT',29,'07.00 - 07.45','RTKJ1',2,'Jumat',34),(2778,1,'TKJ',1,'SIMDIG',29,'07.45 - 08.30','RTKJ1',2,'Jumat',34),(2779,1,'TKJ',1,'SIMDIG',29,'08.30 - 09.15','RTKJ1',2,'Jumat',34),(2780,1,'TKJ',1,'SIMDIG',29,'09.15 - 10.00','RTKJ1',2,'Jumat',34),(2781,1,'TKJ',1,'ISTIRAHAT',29,'10.00 - 10.15','RTKJ1',2,'Jumat',34),(2782,1,'TKJ',1,'FIS',29,'10.15 - 11.00','RTKJ1',2,'Jumat',34),(2783,1,'TKJ',1,'FIS',29,'11.00 - 11.45','RTKJ1',2,'Jumat',34),(2784,1,'TP',3,'SENIN',19,'07.00-07.45','RTP3',2,'Senin',21),(2785,1,'TP',3,'TPK',19,'07.45-08.30','RTP3',2,'Senin',21),(2786,1,'TP',3,'TPK',19,'08.30-09.15','RTP3',2,'Senin',21),(2787,1,'TP',3,'TPK',19,'09.15-10.00','RTP3',2,'Senin',21),(2788,1,'TP',3,'ISTIRAHAT',19,'10.00-10.15','RTP3',2,'Senin',21),(2789,1,'TP',3,'TPK',19,'10.15-11.00','RTP3',2,'Senin',21),(2790,1,'TP',3,'TPK',19,'11.00-11.45','RTP3',2,'Senin',21),(2791,1,'TP',3,'ISTIRAHAT',19,'11.45-12.15','RTP3',2,'Senin',21),(2792,1,'TP',3,'TPK',19,'12.15-12.55','RTP3',2,'Senin',21),(2793,1,'TP',3,'TPK',19,'12.55-13.35','RTP3',2,'Senin',21),(2794,1,'TP',3,'TPK',19,'13.35-14.15','RTP3',2,'Senin',21),(2795,1,'TP',3,'PPKN',19,'14.15-14.55','RTP3',2,'Senin',21),(2796,1,'TP',3,'ISTIRAHAT',19,'14.55-15.10','RTP3',2,'Senin',21),(2797,1,'TP',3,'PPKN',19,'15.10-15.50','RTP3',2,'Senin',21),(2798,1,'TP',3,'SENIN',23,'07.00-07.45','RTP3',2,'Senin',22),(2799,1,'TP',3,'TFL',23,'07.45-08.30','RTP3',2,'Senin',22),(2800,1,'TP',3,'TFL',23,'08.30-09.15','RTP3',2,'Senin',22),(2801,1,'TP',3,'TFL',23,'09.15-10.00','RTP3',2,'Senin',22),(2802,1,'TP',3,'ISTIRAHAT',23,'10.00-10.15','RTP3',2,'Senin',22),(2803,1,'TP',3,'TFL',23,'10.15-11.00','RTP3',2,'Senin',22),(2804,1,'TP',3,'TFL',23,'11.00-11.45','RTP3',2,'Senin',22),(2805,1,'TP',3,'ISTIRAHAT',23,'11.45-12.15','RTP3',2,'Senin',22),(2806,1,'TP',3,'TFL',23,'12.15-12.55','RTP3',2,'Senin',22),(2807,1,'TP',3,'TFL',23,'12.55-13.35','RTP3',2,'Senin',22),(2808,1,'TP',3,'CNC',19,'07.45-08.30','RTP3',2,'Selasa',21),(2809,1,'TP',3,'CNC',19,'08.30-09.15','RTP3',2,'Selasa',21),(2810,1,'TP',3,'CNC',19,'09.15-10.00','RTP3',2,'Selasa',21),(2811,1,'TP',3,'ISTIRAHAT',19,'10.00-10.15','RTP3',2,'Selasa',21),(2812,1,'TP',3,'CNC',19,'10.15-11.00','RTP3',2,'Selasa',21),(2813,1,'TP',3,'PKK',19,'11.00-11.45','RTP3',2,'Selasa',21),(2814,1,'TP',3,'ISTIRAHAT',19,'11.45-12.15','RTP3',2,'Selasa',21),(2815,1,'TP',3,'PKK',19,'12.15-12.55','RTP3',2,'Selasa',21),(2816,1,'TP',3,'PKK',19,'12.55-13.35','RTP3',2,'Selasa',21),(2817,1,'TP',3,'PKK',19,'13.35-14.15','RTP3',2,'Selasa',21),(2818,1,'TP',3,'PKK',19,'14.15-14.55','RTP3',2,'Selasa',21),(2819,1,'TP',3,'ISTIRAHAT',19,'14.55-15.10','RTP3',2,'Selasa',21),(2820,1,'TP',3,'PKK',19,'15.10-15.50','RTP3',2,'Selasa',21),(2821,1,'TP',3,'PKK',19,'15.50-16.30','RTP3',2,'Selasa',21),(2822,1,'TP',3,'PKK',19,'16.30-17.10','RTP3',2,'Selasa',21),(2823,1,'TP',3,'MTK',23,'07.45-08.30','RTP3',2,'Selasa',22),(2824,1,'TP',3,'MTK',23,'08.30-09.15','RTP3',2,'Selasa',22),(2825,1,'TP',3,'MTK',23,'09.15-10.00','RTP3',2,'Selasa',22),(2826,1,'TP',3,'ISTIRAHAT',23,'10.00-10.15','RTP3',2,'Selasa',22),(2827,1,'TP',3,'MTK',23,'10.15-11.00','RTP3',2,'Selasa',22),(2828,1,'TP',3,'BING',23,'11.00-11.45','RTP3',2,'Selasa',22),(2829,1,'TP',3,'ISTIRAHAT',23,'11.45-12.15','RTP3',2,'Selasa',22),(2830,1,'TP',3,'BING',23,'12.15-12.55','RTP3',2,'Selasa',22),(2831,1,'TP',3,'BING',23,'12.55-13.35','RTP3',2,'Selasa',22),(2832,1,'TP',3,'BING',23,'13.35-14.15','RTP3',2,'Selasa',22),(2833,1,'TP',3,'BIND',23,'14.15-14.55','RTP3',2,'Selasa',22),(2834,1,'TP',3,'ISTIRAHAT',23,'14.55-15.10','RTP3',2,'Selasa',22),(2835,1,'TP',3,'BIND',23,'15.10-15.50','RTP3',2,'Selasa',22),(2836,1,'TP',3,'PAI',23,'15.50-16.30','RTP3',2,'Selasa',22),(2837,1,'TP',3,'PAI',23,'16.30-17.10','RTP3',2,'Selasa',22),(2838,1,'TP',3,'TFL',19,'07.45-08.30','RTP3',2,'Rabu',21),(2839,1,'TP',3,'TFL',19,'08.30-09.15','RTP3',2,'Rabu',21),(2840,1,'TP',3,'TFL',19,'09.15-10.00','RTP3',2,'Rabu',21),(2841,1,'TP',3,'ISTIRAHAT',19,'10.00-10.15','RTP3',2,'Rabu',21),(2842,1,'TP',3,'TFL',19,'10.15-11.00','RTP3',2,'Rabu',21),(2843,1,'TP',3,'TFL',19,'11.00-11.45','RTP3',2,'Rabu',21),(2844,1,'TP',3,'ISTIRAHAT',19,'11.45-12.15','RTP3',2,'Rabu',21),(2845,1,'TP',3,'TFL',19,'12.15-12.55','RTP3',2,'Rabu',21),(2846,1,'TP',3,'TFL',19,'12.55-13.35','RTP3',2,'Rabu',21),(2847,1,'TP',3,'TFL',19,'13.35-14.15','RTP3',2,'Rabu',21),(2848,1,'TP',3,'PAI',19,'14.15-14.55','RTP3',2,'Rabu',21),(2849,1,'TP',3,'ISTIRAHAT',19,'14.55-15.10','RTP3',2,'Rabu',21),(2850,1,'TP',3,'PAI',19,'15.10-15.50','RTP3',2,'Rabu',21),(2851,1,'TP',3,'PAI',19,'15.50-16.30','RTP3',2,'Rabu',21),(2852,1,'TP',3,'TPK',23,'07.45-08.30','RTP3',2,'Rabu',22),(2853,1,'TP',3,'TPK',23,'08.30-09.15','RTP3',2,'Rabu',22),(2854,1,'TP',3,'TPK',23,'09.15-10.00','RTP3',2,'Rabu',22),(2855,1,'TP',3,'ISTIRAHAT',23,'10.00-10.15','RTP3',2,'Rabu',22),(2856,1,'TP',3,'TPK',23,'10.15-11.00','RTP3',2,'Rabu',22),(2857,1,'TP',3,'TPK',23,'11.00-11.45','RTP3',2,'Rabu',22),(2858,1,'TP',3,'ISTIRAHAT',23,'11.45-12.15','RTP3',2,'Rabu',22),(2859,1,'TP',3,'TPK',23,'12.15-12.55','RTP3',2,'Rabu',22),(2860,1,'TP',3,'TPK',23,'12.55-13.35','RTP3',2,'Rabu',22),(2861,1,'TP',3,'TPK',23,'13.35-14.15','RTP3',2,'Rabu',22),(2862,1,'TP',3,'TPK',23,'14.15-14.55','RTP3',2,'Rabu',22),(2863,1,'TP',3,'ISTIRAHAT',23,'14.55-15.10','RTP3',2,'Rabu',22),(2864,1,'TP',3,'BJAWA',23,'15.10-15.50','RTP3',2,'Rabu',22),(2865,1,'TP',3,'BJAWA',23,'15.50-16.30','RTP3',2,'Rabu',22),(2866,1,'TP',3,'BING',19,'07.45-08.30','RTP3',2,'Kamis',21),(2867,1,'TP',3,'BING',19,'08.30-09.15','RTP3',2,'Kamis',21),(2868,1,'TP',3,'BING',19,'09.15-10.00','RTP3',2,'Kamis',21),(2869,1,'TP',3,'ISTIRAHAT',19,'10.00-10.15','RTP3',2,'Kamis',21),(2870,1,'TP',3,'BING',19,'10.15-11.00','RTP3',2,'Kamis',21),(2871,1,'TP',3,'BJAWA',19,'11.00-11.45','RTP3',2,'Kamis',21),(2872,1,'TP',3,'ISTIRAHAT',19,'11.45-12.15','RTP3',2,'Kamis',21),(2873,1,'TP',3,'BJAWA',19,'12.15-12.55','RTP3',2,'Kamis',21),(2874,1,'TP',3,'BIND',19,'12.55-13.35','RTP3',2,'Kamis',21),(2875,1,'TP',3,'BIND',19,'13.35-14.15','RTP3',2,'Kamis',21),(2876,1,'TP',3,'CNC',23,'07.45-08.30','RTP3',2,'Kamis',22),(2877,1,'TP',3,'CNC',23,'08.30-09.15','RTP3',2,'Kamis',22),(2878,1,'TP',3,'CNC',23,'09.15-10.00','RTP3',2,'Kamis',22),(2879,1,'TP',3,'ISTIRAHAT',23,'10.00-10.15','RTP3',2,'Kamis',22),(2880,1,'TP',3,'CNC',23,'10.15-11.00','RTP3',2,'Kamis',22),(2881,1,'TP',3,'PKK',23,'11.00-11.45','RTP3',2,'Kamis',22),(2882,1,'TP',3,'ISTIRAHAT',23,'11.45-12.15','RTP3',2,'Kamis',22),(2883,1,'TP',3,'PKK',23,'12.15-12.55','RTP3',2,'Kamis',22),(2884,1,'TP',3,'PKK',23,'12.55-13.35','RTP3',2,'Kamis',22),(2885,1,'TP',3,'PKK',23,'13.35-14.15','RTP3',2,'Kamis',22),(2886,1,'TP',3,'PKK',23,'14.15-14.55','RTP3',2,'Kamis',22),(2887,1,'TP',3,'ISTIRAHAT',23,'14.55-15.10','RTP3',2,'Kamis',22),(2888,1,'TP',3,'PKK',23,'15.10-15.50','RTP3',2,'Kamis',22),(2889,1,'TP',3,'PKK',23,'15.50-16.30','RTP3',2,'Kamis',22),(2890,1,'TP',3,'PKK',23,'16.30-17.10','RTP3',2,'Kamis',22),(2891,1,'TP',3,'JUMAT',19,'07.00-07.45','RTP3',2,'Jumat',21),(2892,1,'TP',3,'MTK',19,'07.45-08.30','RTP3',2,'Jumat',21),(2893,1,'TP',3,'MTK',19,'08.30-09.15','RTP3',2,'Jumat',21),(2894,1,'TP',3,'MTK',19,'09.15-10.00','RTP3',2,'Jumat',21),(2895,1,'TP',3,'ISTIRAHAT',19,'10.00-10.15','RTP3',2,'Jumat',21),(2896,1,'TP',3,'PERGAM',19,'10.15-11.00','RTP3',2,'Jumat',21),(2897,1,'TP',3,'PERGAM',19,'11.00-11.45','RTP3',2,'Jumat',21),(2898,1,'TP',3,'IBADAH',19,'11.45-12.15','RTP3',2,'Jumat',21),(2899,1,'TP',3,'IBADAH',19,'12.15-12.55','RTP3',2,'Jumat',21),(2900,1,'TP',3,'PERGAM',19,'12.55-13.35','RTP3',2,'Jumat',21),(2901,1,'TP',3,'PERGAM',19,'13.35-14.15','RTP3',2,'Jumat',21),(2902,1,'TP',3,'JUMAT',23,'07.00-07.45','RTP3',2,'Jumat',22),(2903,1,'TP',3,'PERGAM',23,'07.45-08.30','RTP3',2,'Jumat',22),(2904,1,'TP',3,'PERGAM',23,'08.30-09.15','RTP3',2,'Jumat',22),(2905,1,'TP',3,'PERGAM',23,'09.15-10.00','RTP3',2,'Jumat',22),(2906,1,'TP',3,'ISTIRAHAT',23,'10.00-10.15','RTP3',2,'Jumat',22),(2907,1,'TP',3,'PPKN',23,'10.15-11.00','RTP3',2,'Jumat',22),(2908,1,'TP',3,'PPKN',23,'11.00-11.45','RTP3',2,'Jumat',22),(2909,1,'TPMP',1,'SENIN',65,'07.00 - 07.45','TPMP1',2,'Senin',73),(2910,1,'TPMP',1,'GAMTEK',65,'07.45 - 08.30','TPMP1',2,'Senin',73),(2911,1,'TPMP',1,'GAMTEK',65,'08.30 - 09.15','TPMP1',2,'Senin',73),(2912,1,'TPMP',1,'GAMTEK',65,'09.15 - 10.00','TPMP1',2,'Senin',73),(2913,1,'TPMP',1,'ISTIRAHAT',65,'10.00 - 10.15','TPMP1',2,'Senin',73),(2914,1,'TPMP',1,'GD',65,'10.15 - 11.00','TPMP1',2,'Senin',73),(2915,1,'TPMP',1,'GD',65,'11.00 - 11.45','TPMP1',2,'Senin',73),(2916,1,'TPMP',1,'ISTIRAHAT',65,'11.45 - 12.15','TPMP1',2,'Senin',73),(2917,1,'TPMP',1,'GD',65,'12.15 - 12.55','TPMP1',2,'Senin',73),(2918,1,'TPMP',1,'KIM',65,'12.55 - 13.35','TPMP1',2,'Senin',73),(2919,1,'TPMP',1,'KIM',65,'13.35 - 14.15','TPMP1',2,'Senin',73),(2920,1,'TPMP',1,'KIM',65,'14.15 - 14.55','TPMP1',2,'Senin',73),(2921,1,'TPMP',1,'ISTIRAHAT',65,'14.55 - 15.10','TPMP1',2,'Senin',73),(2922,1,'TPMP',1,'BJAWA',65,'15.10 - 15.50','TPMP1',2,'Senin',73),(2923,1,'TPMP',1,'BJAWA',65,'15.50 - 16.30','TPMP1',2,'Senin',73),(2924,1,'TPMP',1,'BING',65,'07.00 - 07.45','TPMP1',2,'Selasa',73),(2925,1,'TPMP',1,'BING',65,'07.45 - 08.30','TPMP1',2,'Selasa',73),(2926,1,'TPMP',1,'BING',65,'08.30 - 09.15','TPMP1',2,'Selasa',73),(2927,1,'TPMP',1,'SB',65,'09.15 - 10.00','TPMP1',2,'Selasa',73),(2928,1,'TPMP',1,'ISTIRAHAT',65,'10.00 - 10.15','TPMP1',2,'Selasa',73),(2929,1,'TPMP',1,'SB',65,'10.15 - 11.00','TPMP1',2,'Selasa',73),(2930,1,'TPMP',1,'SB',65,'11.00 - 11.45','TPMP1',2,'Selasa',73),(2931,1,'TPMP',1,'ISTIRAHAT',65,'11.45 - 12.15','TPMP1',2,'Selasa',73),(2932,1,'TPMP',1,'PAI',65,'12.15 - 12.55','TPMP1',2,'Selasa',73),(2933,1,'TPMP',1,'PAI',65,'12.55 - 13.35','TPMP1',2,'Selasa',73),(2934,1,'TPMP',1,'PAI',65,'13.35 - 14.15','TPMP1',2,'Selasa',73),(2935,1,'TPMP',1,'PPKN',65,'14.15 - 14.55','TPMP1',2,'Selasa',73),(2936,1,'TPMP',1,'ISTIRAHAT',65,'14.55 - 15.10','TPMP1',2,'Selasa',73),(2937,1,'TPMP',1,'PPKN',65,'15.10 - 15.50','TPMP1',2,'Selasa',73),(2938,1,'TPMP',1,'PIM',65,'07.00 - 07.45','TPMP1',2,'Rabu',73),(2939,1,'TPMP',1,'PIM',65,'07.45 - 08.30','TPMP1',2,'Rabu',73),(2940,1,'TPMP',1,'PIM',65,'08.30 - 09.15','TPMP1',2,'Rabu',73),(2941,1,'TPMP',1,'PIM',65,'09.15 - 10.00','TPMP1',2,'Rabu',73),(2942,1,'TPMP',1,'ISTIRAHAT',65,'10.00 - 10.15','TPMP1',2,'Rabu',73),(2943,1,'TPMP',1,'PIM',65,'10.15 - 11.00','TPMP1',2,'Rabu',73),(2944,1,'TPMP',1,'PIM',65,'11.00 - 11.45','TPMP1',2,'Rabu',73),(2945,1,'TPMP',1,'ISTIRAHAT',65,'11.45 - 12.15','TPMP1',2,'Rabu',73),(2946,1,'TPMP',1,'FIS',65,'12.15 - 12.55','TPMP1',2,'Rabu',73),(2947,1,'TPMP',1,'FIS',65,'12.55 - 13.35','TPMP1',2,'Rabu',73),(2948,1,'TPMP',1,'FIS',65,'13.35 - 14.15','TPMP1',2,'Rabu',73),(2949,1,'TPMP',1,'FIS',65,'14.15 - 14.55','TPMP1',2,'Rabu',73),(2950,1,'TPMP',1,'PENJAS',65,'07.00 - 07.45','TPMP1',2,'Kamis',73),(2951,1,'TPMP',1,'PENJAS',65,'07.45 - 08.30','TPMP1',2,'Kamis',73),(2952,1,'TPMP',1,'MTK',65,'08.30 - 09.15','TPMP1',2,'Kamis',73),(2953,1,'TPMP',1,'MTK',65,'09.15 - 10.00','TPMP1',2,'Kamis',73),(2954,1,'TPMP',1,'ISTIRAHAT',65,'10.00 - 10.15','TPMP1',2,'Kamis',73),(2955,1,'TPMP',1,'MTK',65,'10.15 - 11.00','TPMP1',2,'Kamis',73),(2956,1,'TPMP',1,'MTK',65,'11.00 - 11.45','TPMP1',2,'Kamis',73),(2957,1,'TPMP',1,'ISTIRAHAT',65,'11.45 - 12.15','TPMP1',2,'Kamis',73),(2958,1,'TPMP',1,'BIND',65,'12.15 - 12.55','TPMP1',2,'Kamis',73),(2959,1,'TPMP',1,'BIND',65,'12.55 - 13.35','TPMP1',2,'Kamis',73),(2960,1,'TPMP',1,'BIND',65,'13.35 - 14.15','TPMP1',2,'Kamis',73),(2961,1,'TPMP',1,'BIND',65,'14.15 - 14.55','TPMP1',2,'Kamis',73),(2962,1,'TPMP',1,'JUMAT',65,'07.00 - 07.45','TPMP1',2,'Jumat',73),(2963,1,'TPMP',1,'SIMDIG',65,'07.45 - 08.30','TPMP1',2,'Jumat',73),(2964,1,'TPMP',1,'SIMDIG',65,'08.30 - 09.15','TPMP1',2,'Jumat',73),(2965,1,'TPMP',1,'SIMDIG',65,'09.15 - 10.00','TPMP1',2,'Jumat',73),(2966,1,'TPMP',1,'ISTIRAHAT',65,'10.00 - 10.15','TPMP1',2,'Jumat',73),(2967,1,'TPMP',1,'SEJARAH',65,'10.15 - 11.00','TPMP1',2,'Jumat',73),(2968,1,'TPMP',1,'SEJARAH',65,'11.00 - 11.45','TPMP1',2,'Jumat',73),(2969,1,'TPMP',1,'SENIN',69,'07.00 - 07.45','TPMP1',2,'Senin',74),(2970,1,'TPMP',1,'GAMTEK',69,'07.45 - 08.30','TPMP1',2,'Senin',74),(2971,1,'TPMP',1,'GAMTEK',69,'08.30 - 09.15','TPMP1',2,'Senin',74),(2972,1,'TPMP',1,'GAMTEK',69,'09.15 - 10.00','TPMP1',2,'Senin',74),(2973,1,'TPMP',1,'ISTIRAHAT',69,'10.00 - 10.15','TPMP1',2,'Senin',74),(2974,1,'TPMP',1,'GD',69,'10.15 - 11.00','TPMP1',2,'Senin',74),(2975,1,'TPMP',1,'GD',69,'11.00 - 11.45','TPMP1',2,'Senin',74),(2976,1,'TPMP',1,'ISTIRAHAT',69,'11.45 - 12.15','TPMP1',2,'Senin',74),(2977,1,'TPMP',1,'GD',69,'12.15 - 12.55','TPMP1',2,'Senin',74),(2978,1,'TPMP',1,'KIM',69,'12.55 - 13.35','TPMP1',2,'Senin',74),(2979,1,'TPMP',1,'KIM',69,'13.35 - 14.15','TPMP1',2,'Senin',74),(2980,1,'TPMP',1,'KIM',69,'14.15 - 14.55','TPMP1',2,'Senin',74),(2981,1,'TPMP',1,'ISTIRAHAT',69,'14.55 - 15.10','TPMP1',2,'Senin',74),(2982,1,'TPMP',1,'BJAWA',69,'15.10 - 15.50','TPMP1',2,'Senin',74),(2983,1,'TPMP',1,'BJAWA',69,'15.50 - 16.30','TPMP1',2,'Senin',74),(2984,1,'TPMP',1,'BING',69,'07.00 - 07.45','TPMP1',2,'Selasa',74),(2985,1,'TPMP',1,'BING',69,'07.45 - 08.30','TPMP1',2,'Selasa',74),(2986,1,'TPMP',1,'BING',69,'08.30 - 09.15','TPMP1',2,'Selasa',74),(2987,1,'TPMP',1,'SB',69,'09.15 - 10.00','TPMP1',2,'Selasa',74),(2988,1,'TPMP',1,'ISTIRAHAT',69,'10.00 - 10.15','TPMP1',2,'Selasa',74),(2989,1,'TPMP',1,'SB',69,'10.15 - 11.00','TPMP1',2,'Selasa',74),(2990,1,'TPMP',1,'SB',69,'11.00 - 11.45','TPMP1',2,'Selasa',74),(2991,1,'TPMP',1,'ISTIRAHAT',69,'11.45 - 12.15','TPMP1',2,'Selasa',74),(2992,1,'TPMP',1,'PAI',69,'12.15 - 12.55','TPMP1',2,'Selasa',74),(2993,1,'TPMP',1,'PAI',69,'12.55 - 13.35','TPMP1',2,'Selasa',74),(2994,1,'TPMP',1,'PAI',69,'13.35 - 14.15','TPMP1',2,'Selasa',74),(2995,1,'TPMP',1,'PPKN',69,'14.15 - 14.55','TPMP1',2,'Selasa',74),(2996,1,'TPMP',1,'ISTIRAHAT',69,'14.55 - 15.10','TPMP1',2,'Selasa',74),(2997,1,'TPMP',1,'PPKN',69,'15.10 - 15.50','TPMP1',2,'Selasa',74),(2998,1,'TPMP',1,'PIM',69,'07.00 - 07.45','TPMP1',2,'Rabu',74),(2999,1,'TPMP',1,'PIM',69,'07.45 - 08.30','TPMP1',2,'Rabu',74),(3000,1,'TPMP',1,'PIM',69,'08.30 - 09.15','TPMP1',2,'Rabu',74),(3001,1,'TPMP',1,'PIM',69,'09.15 - 10.00','TPMP1',2,'Rabu',74),(3002,1,'TPMP',1,'ISTIRAHAT',69,'10.00 - 10.15','TPMP1',2,'Rabu',74),(3003,1,'TPMP',1,'PIM',69,'10.15 - 11.00','TPMP1',2,'Rabu',74),(3004,1,'TPMP',1,'PIM',69,'11.00 - 11.45','TPMP1',2,'Rabu',74),(3005,1,'TPMP',1,'ISTIRAHAT',69,'11.45 - 12.15','TPMP1',2,'Rabu',74),(3006,1,'TPMP',1,'FIS',69,'12.15 - 12.55','TPMP1',2,'Rabu',74),(3007,1,'TPMP',1,'FIS',69,'12.55 - 13.35','TPMP1',2,'Rabu',74),(3008,1,'TPMP',1,'FIS',69,'13.35 - 14.15','TPMP1',2,'Rabu',74),(3009,1,'TPMP',1,'FIS',69,'14.15 - 14.55','TPMP1',2,'Rabu',74),(3010,1,'TPMP',1,'PENJAS',69,'07.00 - 07.45','TPMP1',2,'Kamis',74),(3011,1,'TPMP',1,'PENJAS',69,'07.45 - 08.30','TPMP1',2,'Kamis',74),(3012,1,'TPMP',1,'MTK',69,'08.30 - 09.15','TPMP1',2,'Kamis',74),(3013,1,'TPMP',1,'MTK',69,'09.15 - 10.00','TPMP1',2,'Kamis',74),(3014,1,'TPMP',1,'ISTIRAHAT',69,'10.00 - 10.15','TPMP1',2,'Kamis',74),(3015,1,'TPMP',1,'MTK',69,'10.15 - 11.00','TPMP1',2,'Kamis',74),(3016,1,'TPMP',1,'MTK',69,'11.00 - 11.45','TPMP1',2,'Kamis',74),(3017,1,'TPMP',1,'ISTIRAHAT',69,'11.45 - 12.15','TPMP1',2,'Kamis',74),(3018,1,'TPMP',1,'BIND',69,'12.15 - 12.55','TPMP1',2,'Kamis',74),(3019,1,'TPMP',1,'BIND',69,'12.55 - 13.35','TPMP1',2,'Kamis',74),(3020,1,'TPMP',1,'BIND',69,'13.35 - 14.15','TPMP1',2,'Kamis',74),(3021,1,'TPMP',1,'BIND',69,'14.15 - 14.55','TPMP1',2,'Kamis',74),(3022,1,'TPMP',1,'JUMAT',69,'07.00 - 07.45','TPMP1',2,'Jumat',74),(3023,1,'TPMP',1,'SIMDIG',69,'07.45 - 08.30','TPMP1',2,'Jumat',74),(3024,1,'TPMP',1,'SIMDIG',69,'08.30 - 09.15','TPMP1',2,'Jumat',74),(3025,1,'TPMP',1,'SIMDIG',69,'09.15 - 10.00','TPMP1',2,'Jumat',74),(3026,1,'TPMP',1,'ISTIRAHAT',69,'10.00 - 10.15','TPMP1',2,'Jumat',74),(3027,1,'TPMP',1,'SEJARAH',69,'10.15 - 11.00','TPMP1',2,'Jumat',74),(3028,1,'TPMP',1,'SEJARAH',69,'11.00 - 11.45','TPMP1',2,'Jumat',74),(3029,1,'KA',1,'SENIN',49,'07.00 - 07.45','LABKIMIA5',2,'Senin',57),(3030,1,'KA',1,'FIS',49,'07.45 - 08.30','LABKIMIA5',2,'Senin',57),(3031,1,'KA',1,'FIS',49,'08.30 - 09.15','LABKIMIA5',2,'Senin',57),(3032,1,'KA',1,'FIS',49,'09.15 - 10.00','LABKIMIA5',2,'Senin',57),(3033,1,'KA',1,'ISTIRAHAT',49,'10.00 - 10.15','LABKIMIA5',2,'Senin',57),(3034,1,'KA',1,'SEJARAH',49,'10.15 - 11.00','LABKIMIA5',2,'Senin',57),(3035,1,'KA',1,'SEJARAH',49,'11.00 - 11.45','LABKIMIA5',2,'Senin',57),(3036,1,'KA',1,'ISTIRAHAT',49,'11.45 - 12.15','LABKIMIA5',2,'Senin',57),(3037,1,'KA',1,'SEJARAH',49,'12.15 - 12.55','LABKIMIA5',2,'Senin',57),(3038,1,'KA',1,'BING',49,'12.55 - 13.35','LABKIMIA5',2,'Senin',57),(3039,1,'KA',1,'BING',49,'13.35 - 14.15','LABKIMIA5',2,'Senin',57),(3040,1,'KA',1,'BING',49,'14.15 - 14.55','LABKIMIA5',2,'Senin',57),(3041,1,'KA',1,'ISTIRAHAT',49,'14.55 - 15.10','LABKIMIA5',2,'Senin',57),(3042,1,'KA',1,'PENJAS',49,'15.10 - 15.50','LABKIMIA5',2,'Senin',57),(3043,1,'KA',1,'PENJAS',49,'15.50 - 16.30','LABKIMIA5',2,'Senin',57),(3044,1,'KA',1,'SENIN',53,'07.00 - 07.45','LABKIMIA5',2,'Senin',58),(3045,1,'KA',1,'SIMDIG',53,'07.45 - 08.30','LABKIMIA5',2,'Senin',58),(3046,1,'KA',1,'SIMDIG',53,'08.30 - 09.15','LABKIMIA5',2,'Senin',58),(3047,1,'KA',1,'SIMDIG',53,'09.15 - 10.00','LABKIMIA5',2,'Senin',58),(3048,1,'KA',1,'ISTIRAHAT',53,'10.00 - 10.15','LABKIMIA5',2,'Senin',58),(3049,1,'KA',1,'FIS',53,'10.15 - 11.00','LABKIMIA5',2,'Senin',58),(3050,1,'KA',1,'FIS',53,'11.00 - 11.45','LABKIMIA5',2,'Senin',58),(3051,1,'KA',1,'ISTIRAHAT',53,'11.45 - 12.15','LABKIMIA5',2,'Senin',58),(3052,1,'KA',1,'FIS',53,'12.15 - 12.55','LABKIMIA5',2,'Senin',58),(3053,1,'KA',1,'BIND',53,'12.55 - 13.35','LABKIMIA5',2,'Senin',58),(3054,1,'KA',1,'BIND',53,'13.35 - 14.15','LABKIMIA5',2,'Senin',58),(3055,1,'KA',1,'BIND',53,'14.15 - 14.55','LABKIMIA5',2,'Senin',58),(3056,1,'KA',1,'ISTIRAHAT',53,'14.55 - 15.10','LABKIMIA5',2,'Senin',58),(3057,1,'KA',1,'BIND',53,'15.10 - 15.50','LABKIMIA5',2,'Senin',58),(3058,1,'KA',1,'TDL',49,'07.00 - 07.45','LABKIMIA5',2,'Selasa',57),(3059,1,'KA',1,'TDL',49,'07.45 - 08.30','LABKIMIA5',2,'Selasa',57),(3060,1,'KA',1,'TDL',49,'08.30 - 09.15','LABKIMIA5',2,'Selasa',57),(3061,1,'KA',1,'TDL',49,'09.15 - 10.00','LABKIMIA5',2,'Selasa',57),(3062,1,'KA',1,'ISTIRAHAT',49,'10.00 - 10.15','LABKIMIA5',2,'Selasa',57),(3063,1,'KA',1,'TDL',49,'10.15 - 11.00','LABKIMIA5',2,'Selasa',57),(3064,1,'KA',1,'BIND',49,'11.00 - 11.45','LABKIMIA5',2,'Selasa',57),(3065,1,'KA',1,'ISTIRAHAT',49,'11.45 - 12.15','LABKIMIA5',2,'Selasa',57),(3066,1,'KA',1,'BIND',49,'12.15 - 12.55','LABKIMIA5',2,'Selasa',57),(3067,1,'KA',1,'BIND',49,'12.55 - 13.35','LABKIMIA5',2,'Selasa',57),(3068,1,'KA',1,'BIND',49,'13.35 - 14.15','LABKIMIA5',2,'Selasa',57),(3069,1,'KA',1,'KT',53,'07.00 - 07.45','LABKIMIA5',2,'Selasa',58),(3070,1,'KA',1,'KT',53,'07.45 - 08.30','LABKIMIA5',2,'Selasa',58),(3071,1,'KA',1,'KT',53,'08.30 - 09.15','LABKIMIA5',2,'Selasa',58),(3072,1,'KA',1,'KT',53,'09.15 - 10.00','LABKIMIA5',2,'Selasa',58),(3073,1,'KA',1,'ISTIRAHAT',53,'10.00 - 10.15','LABKIMIA5',2,'Selasa',58),(3074,1,'KA',1,'AKD',53,'10.15 - 11.00','LABKIMIA5',2,'Selasa',58),(3075,1,'KA',1,'AKD',53,'11.00 - 11.45','LABKIMIA5',2,'Selasa',58),(3076,1,'KA',1,'ISTIRAHAT',53,'11.45 - 12.15','LABKIMIA5',2,'Selasa',58),(3077,1,'KA',1,'AKD',53,'12.15 - 12.55','LABKIMIA5',2,'Selasa',58),(3078,1,'KA',1,'AKD',53,'12.55 - 13.35','LABKIMIA5',2,'Selasa',58),(3079,1,'KA',1,'PPKN',53,'13.35 - 14.15','LABKIMIA5',2,'Selasa',58),(3080,1,'KA',1,'PPKN',53,'14.15 - 14.55','LABKIMIA5',2,'Selasa',58),(3081,1,'KA',1,'KT',49,'07.00 - 07.45','LABKIMIA5',2,'Rabu',57),(3082,1,'KA',1,'KT',49,'07.45 - 08.30','LABKIMIA5',2,'Rabu',57),(3083,1,'KA',1,'KT',49,'08.30 - 09.15','LABKIMIA5',2,'Rabu',57),(3084,1,'KA',1,'KT',49,'09.15 - 10.00','LABKIMIA5',2,'Rabu',57),(3085,1,'KA',1,'ISTIRAHAT',49,'10.00 - 10.15','LABKIMIA5',2,'Rabu',57),(3086,1,'KA',1,'AKD',49,'10.15 - 11.00','LABKIMIA5',2,'Rabu',57),(3087,1,'KA',1,'AKD',49,'11.00 - 11.45','LABKIMIA5',2,'Rabu',57),(3088,1,'KA',1,'ISTIRAHAT',49,'11.45 - 12.15','LABKIMIA5',2,'Rabu',57),(3089,1,'KA',1,'AKD',49,'12.15 - 12.55','LABKIMIA5',2,'Rabu',57),(3090,1,'KA',1,'AKD',49,'12.55 - 13.35','LABKIMIA5',2,'Rabu',57),(3091,1,'KA',1,'SIMDIG',49,'13.35 - 14.15','LABKIMIA5',2,'Rabu',57),(3092,1,'KA',1,'SIMDIG',49,'14.15 - 14.55','LABKIMIA5',2,'Rabu',57),(3093,1,'KA',1,'ISTIRAHAT',49,'14.55 - 15.10','LABKIMIA5',2,'Rabu',57),(3094,1,'KA',1,'SIMDIG',49,'15.10 - 15.50','LABKIMIA5',2,'Rabu',57),(3095,1,'KA',1,'SEJARAH',53,'07.00 - 07.45','LABKIMIA5',2,'Rabu',58),(3096,1,'KA',1,'SEJARAH',53,'07.45 - 08.30','LABKIMIA5',2,'Rabu',58),(3097,1,'KA',1,'SEJARAH',53,'08.30 - 09.15','LABKIMIA5',2,'Rabu',58),(3098,1,'KA',1,'KIM',53,'09.15 - 10.00','LABKIMIA5',2,'Rabu',58),(3099,1,'KA',1,'ISTIRAHAT',53,'10.00 - 10.15','LABKIMIA5',2,'Rabu',58),(3100,1,'KA',1,'KIM',53,'10.15 - 11.00','LABKIMIA5',2,'Rabu',58),(3101,1,'KA',1,'KIM',53,'11.00 - 11.45','LABKIMIA5',2,'Rabu',58),(3102,1,'KA',1,'ISTIRAHAT',53,'11.45 - 12.15','LABKIMIA5',2,'Rabu',58),(3103,1,'KA',1,'BING',53,'12.15 - 12.55','LABKIMIA5',2,'Rabu',58),(3104,1,'KA',1,'BING',53,'12.55 - 13.35','LABKIMIA5',2,'Rabu',58),(3105,1,'KA',1,'BING',53,'13.35 - 14.15','LABKIMIA5',2,'Rabu',58),(3106,1,'KA',1,'SB',49,'07.00 - 07.45','LABKIMIA5',2,'Kamis',57),(3107,1,'KA',1,'SB',49,'07.45 - 08.30','LABKIMIA5',2,'Kamis',57),(3108,1,'KA',1,'SB',49,'08.30 - 09.15','LABKIMIA5',2,'Kamis',57),(3109,1,'KA',1,'PAI',49,'09.15 - 10.00','LABKIMIA5',2,'Kamis',57),(3110,1,'KA',1,'ISTIRAHAT',49,'10.00 - 10.15','LABKIMIA5',2,'Kamis',57),(3111,1,'KA',1,'PAI',49,'10.15 - 11.00','LABKIMIA5',2,'Kamis',57),(3112,1,'KA',1,'PAI',49,'11.00 - 11.45','LABKIMIA5',2,'Kamis',57),(3113,1,'KA',1,'ISTIRAHAT',49,'11.45 - 12.15','LABKIMIA5',2,'Kamis',57),(3114,1,'KA',1,'KIM',49,'12.15 - 12.55','LABKIMIA5',2,'Kamis',57),(3115,1,'KA',1,'KIM',49,'12.55 - 13.35','LABKIMIA5',2,'Kamis',57),(3116,1,'KA',1,'KIM',49,'13.35 - 14.15','LABKIMIA5',2,'Kamis',57),(3117,1,'KA',1,'BJAWA',53,'07.00 - 07.45','LABKIMIA5',2,'Kamis',58),(3118,1,'KA',1,'BJAWA',53,'07.45 - 08.30','LABKIMIA5',2,'Kamis',58),(3119,1,'KA',1,'SB',53,'08.30 - 09.15','LABKIMIA5',2,'Kamis',58),(3120,1,'KA',1,'SB',53,'09.15 - 10.00','LABKIMIA5',2,'Kamis',58),(3121,1,'KA',1,'ISTIRAHAT',53,'10.00 - 10.15','LABKIMIA5',2,'Kamis',58),(3122,1,'KA',1,'SB',53,'10.15 - 11.00','LABKIMIA5',2,'Kamis',58),(3123,1,'KA',1,'MTK',53,'11.00 - 11.45','LABKIMIA5',2,'Kamis',58),(3124,1,'KA',1,'ISTIRAHAT',53,'11.45 - 12.15','LABKIMIA5',2,'Kamis',58),(3125,1,'KA',1,'MTK',53,'12.15 - 12.55','LABKIMIA5',2,'Kamis',58),(3126,1,'KA',1,'MTK',53,'12.55 - 13.35','LABKIMIA5',2,'Kamis',58),(3127,1,'KA',1,'MTK',53,'13.35 - 14.15','LABKIMIA5',2,'Kamis',58),(3128,1,'KA',1,'PENJAS',53,'14.15 - 14.55','LABKIMIA5',2,'Kamis',58),(3129,1,'KA',1,'ISTIRAHAT',53,'14.55 - 15.10','LABKIMIA5',2,'Kamis',58),(3130,1,'KA',1,'PENJAS',53,'15.10 - 15.50','LABKIMIA5',2,'Kamis',58),(3131,1,'KA',1,'JUMAT',49,'07.00 - 07.45','LABKIMIA5',2,'Jumat',57),(3132,1,'KA',1,'BJAWA',49,'07.45 - 08.30','LABKIMIA5',2,'Jumat',57),(3133,1,'KA',1,'BJAWA',49,'08.30 - 09.15','LABKIMIA5',2,'Jumat',57),(3134,1,'KA',1,'MTK',49,'09.15 - 10.00','LABKIMIA5',2,'Jumat',57),(3135,1,'KA',1,'ISTIRAHAT',49,'10.00 - 10.15','LABKIMIA5',2,'Jumat',57),(3136,1,'KA',1,'MTK',49,'10.15 - 11.00','LABKIMIA5',2,'Jumat',57),(3137,1,'KA',1,'PPKN',49,'11.00 - 11.45','LABKIMIA5',2,'Jumat',57),(3138,1,'KA',1,'JUMAT',53,'07.00 - 07.45','LABKIMIA5',2,'Jumat',58),(3139,1,'KA',1,'TDL',53,'07.45 - 08.30','LABKIMIA5',2,'Jumat',58),(3140,1,'KA',1,'TDL',53,'08.30 - 09.15','LABKIMIA5',2,'Jumat',58),(3141,1,'KA',1,'TDL',53,'09.15 - 10.00','LABKIMIA5',2,'Jumat',58),(3142,1,'KA',1,'ISTIRAHAT',53,'10.00 - 10.15','LABKIMIA5',2,'Jumat',58),(3143,1,'KA',1,'PAI',53,'10.15 - 11.00','LABKIMIA5',2,'Jumat',58),(3144,1,'KA',1,'PAI',53,'11.00 - 11.45','LABKIMIA5',2,'Jumat',58),(3145,1,'GP',1,'SENIN',33,'07.00 - 07.45','GP1',2,'Senin',41),(3146,1,'GP',1,'K3LH',33,'07.45 - 08.30','GP1',2,'Senin',41),(3147,1,'GP',1,'K3LH',33,'08.30 - 09.15','GP1',2,'Senin',41),(3148,1,'GP',1,'K3LH',33,'09.15 - 10.00','GP1',2,'Senin',41),(3149,1,'GP',1,'ISTIRAHAT',33,'10.00 - 10.15','GP1',2,'Senin',41),(3150,1,'GP',1,'GAMTEK',33,'10.15 - 11.00','GP1',2,'Senin',41),(3151,1,'GP',1,'GAMTEK',33,'11.00 - 11.45','GP1',2,'Senin',41),(3152,1,'GP',1,'ISTIRAHAT',33,'11.45 - 12.15','GP1',2,'Senin',41),(3153,1,'GP',1,'GAMTEK',33,'12.15 - 12.55','GP1',2,'Senin',41),(3154,1,'GP',1,'GAMTEK',33,'12.55 - 13.35','GP1',2,'Senin',41),(3155,1,'GP',1,'DG',33,'13.35 - 14.15','GP1',2,'Senin',41),(3156,1,'GP',1,'DG',33,'14.15 - 14.55','GP1',2,'Senin',41),(3157,1,'GP',1,'ISTIRAHAT',33,'14.55 - 15.10','GP1',2,'Senin',41),(3158,1,'GP',1,'DG',33,'15.10 - 15.50','GP1',2,'Senin',41),(3159,1,'GP',1,'DG',33,'15.50 - 16.30','GP1',2,'Senin',41),(3160,1,'GP',1,'DG',33,'16.30 - 17.10','GP1',2,'Senin',41),(3161,1,'GP',1,'SENIN',37,'07.00 - 07.45','GP1',2,'Senin',42),(3162,1,'GP',1,'MTK',37,'07.45 - 08.30','GP1',2,'Senin',42),(3163,1,'GP',1,'MTK',37,'08.30 - 09.15','GP1',2,'Senin',42),(3164,1,'GP',1,'MTK',37,'09.15 - 10.00','GP1',2,'Senin',42),(3165,1,'GP',1,'ISTIRAHAT',37,'10.00 - 10.15','GP1',2,'Senin',42),(3166,1,'GP',1,'MTK',37,'10.15 - 11.00','GP1',2,'Senin',42),(3167,1,'GP',1,'BJAWA',37,'11.00 - 11.45','GP1',2,'Senin',42),(3168,1,'GP',1,'ISTIRAHAT',37,'11.45 - 12.15','GP1',2,'Senin',42),(3169,1,'GP',1,'BJAWA',37,'12.15 - 12.55','GP1',2,'Senin',42),(3170,1,'GP',1,'PAI',37,'12.55 - 13.35','GP1',2,'Senin',42),(3171,1,'GP',1,'PAI',37,'13.35 - 14.15','GP1',2,'Senin',42),(3172,1,'GP',1,'PAI',37,'14.15 - 14.55','GP1',2,'Senin',42),(3173,1,'GP',1,'ISTIRAHAT',37,'14.55 - 15.10','GP1',2,'Senin',42),(3174,1,'GP',1,'PENJAS',37,'15.10 - 15.50','GP1',2,'Senin',42),(3175,1,'GP',1,'PENJAS',37,'15.50 - 16.30','GP1',2,'Senin',42),(3176,1,'GP',1,'MTK',33,'07.00 - 07.45','GP1',2,'Selasa',41),(3177,1,'GP',1,'MTK',33,'07.45 - 08.30','GP1',2,'Selasa',41),(3178,1,'GP',1,'MTK',33,'08.30 - 09.15','GP1',2,'Selasa',41),(3179,1,'GP',1,'MTK',33,'09.15 - 10.00','GP1',2,'Selasa',41),(3180,1,'GP',1,'ISTIRAHAT',33,'10.00 - 10.15','GP1',2,'Selasa',41),(3181,1,'GP',1,'KIM',33,'10.15 - 11.00','GP1',2,'Selasa',41),(3182,1,'GP',1,'KIM',33,'11.00 - 11.45','GP1',2,'Selasa',41),(3183,1,'GP',1,'ISTIRAHAT',33,'11.45 - 12.15','GP1',2,'Selasa',41),(3184,1,'GP',1,'KIM',33,'12.15 - 12.55','GP1',2,'Selasa',41),(3185,1,'GP',1,'PPKN',33,'12.55 - 13.35','GP1',2,'Selasa',41),(3186,1,'GP',1,'PPKN',33,'13.35 - 14.15','GP1',2,'Selasa',41),(3187,1,'GP',1,'FIS',37,'07.00 - 07.45','GP1',2,'Selasa',42),(3188,1,'GP',1,'FIS',37,'07.45 - 08.30','GP1',2,'Selasa',42),(3189,1,'GP',1,'FIS',37,'08.30 - 09.15','GP1',2,'Selasa',42),(3190,1,'GP',1,'FIS',37,'09.15 - 10.00','GP1',2,'Selasa',42),(3191,1,'GP',1,'ISTIRAHAT',37,'10.00 - 10.15','GP1',2,'Selasa',42),(3192,1,'GP',1,'SEJARAH',37,'10.15 - 11.00','GP1',2,'Selasa',42),(3193,1,'GP',1,'SEJARAH',37,'11.00 - 11.45','GP1',2,'Selasa',42),(3194,1,'GP',1,'ISTIRAHAT',37,'11.45 - 12.15','GP1',2,'Selasa',42),(3195,1,'GP',1,'SEJARAH',37,'12.15 - 12.55','GP1',2,'Selasa',42),(3196,1,'GP',1,'BING',37,'12.55 - 13.35','GP1',2,'Selasa',42),(3197,1,'GP',1,'BING',37,'13.35 - 14.15','GP1',2,'Selasa',42),(3198,1,'GP',1,'BING',37,'14.15 - 14.55','GP1',2,'Selasa',42),(3199,1,'GP',1,'PAI',33,'07.00 - 07.45','GP1',2,'Rabu',41),(3200,1,'GP',1,'PAI',33,'07.45 - 08.30','GP1',2,'Rabu',41),(3201,1,'GP',1,'PAI',33,'08.30 - 09.15','GP1',2,'Rabu',41),(3202,1,'GP',1,'BIND',33,'09.15 - 10.00','GP1',2,'Rabu',41),(3203,1,'GP',1,'ISTIRAHAT',33,'10.00 - 10.15','GP1',2,'Rabu',41),(3204,1,'GP',1,'BIND',33,'10.15 - 11.00','GP1',2,'Rabu',41),(3205,1,'GP',1,'BIND',33,'11.00 - 11.45','GP1',2,'Rabu',41),(3206,1,'GP',1,'ISTIRAHAT',33,'11.45 - 12.15','GP1',2,'Rabu',41),(3207,1,'GP',1,'BIND',33,'12.15 - 12.55','GP1',2,'Rabu',41),(3208,1,'GP',1,'SEJARAH',33,'12.55 - 13.35','GP1',2,'Rabu',41),(3209,1,'GP',1,'SEJARAH',33,'13.35 - 14.15','GP1',2,'Rabu',41),(3210,1,'GP',1,'SEJARAH',33,'14.15 - 14.55','GP1',2,'Rabu',41),(3211,1,'GP',1,'ISTIRAHAT',33,'14.55 - 15.10','GP1',2,'Rabu',41),(3212,1,'GP',1,'PENJAS',33,'15.10 - 15.50','GP1',2,'Rabu',41),(3213,1,'GP',1,'PENJAS',33,'15.50 - 16.30','GP1',2,'Rabu',41),(3214,1,'GP',1,'BIND',37,'07.00 - 07.45','GP1',2,'Rabu',42),(3215,1,'GP',1,'BIND',37,'07.45 - 08.30','GP1',2,'Rabu',42),(3216,1,'GP',1,'BIND',37,'08.30 - 09.15','GP1',2,'Rabu',42),(3217,1,'GP',1,'BIND',37,'09.15 - 10.00','GP1',2,'Rabu',42),(3218,1,'GP',1,'ISTIRAHAT',37,'10.00 - 10.15','GP1',2,'Rabu',42),(3219,1,'GP',1,'PPKN',37,'10.15 - 11.00','GP1',2,'Rabu',42),(3220,1,'GP',1,'PPKN',37,'11.00 - 11.45','GP1',2,'Rabu',42),(3221,1,'GP',1,'ISTIRAHAT',37,'11.45 - 12.15','GP1',2,'Rabu',42),(3222,1,'GP',1,'DG',37,'12.15 - 12.55','GP1',2,'Rabu',42),(3223,1,'GP',1,'DG',37,'12.55 - 13.35','GP1',2,'Rabu',42),(3224,1,'GP',1,'DG',37,'13.35 - 14.15','GP1',2,'Rabu',42),(3225,1,'GP',1,'ISTIRAHAT',37,'14.55 - 15.10','GP1',2,'Rabu',42),(3226,1,'GP',1,'DG',37,'15.10 - 15.50','GP1',2,'Rabu',42),(3227,1,'GP',1,'DG',37,'15.50 - 16.30','GP1',2,'Rabu',42),(3228,1,'GP',1,'FIS',33,'07.00 - 07.45','GP1',2,'Kamis',41),(3229,1,'GP',1,'FIS',33,'07.45 - 08.30','GP1',2,'Kamis',41),(3230,1,'GP',1,'FIS',33,'08.30 - 09.15','GP1',2,'Kamis',41),(3231,1,'GP',1,'FIS',33,'09.15 - 10.00','GP1',2,'Kamis',41),(3232,1,'GP',1,'ISTIRAHAT',33,'10.00 - 10.15','GP1',2,'Kamis',41),(3233,1,'GP',1,'BJAWA',33,'10.15 - 11.00','GP1',2,'Kamis',41),(3234,1,'GP',1,'BJAWA',33,'11.00 - 11.45','GP1',2,'Kamis',41),(3235,1,'GP',1,'ISTIRAHAT',33,'11.45 - 12.15','GP1',2,'Kamis',41),(3236,1,'GP',1,'SB',33,'12.15 - 12.55','GP1',2,'Kamis',41),(3237,1,'GP',1,'SB',33,'12.55 - 13.35','GP1',2,'Kamis',41),(3238,1,'GP',1,'SB',33,'13.35 - 14.15','GP1',2,'Kamis',41),(3239,1,'GP',1,'K3LH',37,'07.00 - 07.45','GP1',2,'Kamis',42),(3240,1,'GP',1,'K3LH',37,'07.45 - 08.30','GP1',2,'Kamis',42),(3241,1,'GP',1,'K3LH',37,'08.30 - 09.15','GP1',2,'Kamis',42),(3242,1,'GP',1,'GAMTEK',37,'09.15 - 10.00','GP1',2,'Kamis',42),(3243,1,'GP',1,'ISTIRAHAT',37,'10.00 - 10.15','GP1',2,'Kamis',42),(3244,1,'GP',1,'GAMTEK',37,'10.15 - 11.00','GP1',2,'Kamis',42),(3245,1,'GP',1,'GAMTEK',37,'11.00 - 11.45','GP1',2,'Kamis',42),(3246,1,'GP',1,'ISTIRAHAT',37,'11.45 - 12.15','GP1',2,'Kamis',42),(3247,1,'GP',1,'GAMTEK',37,'12.15 - 12.55','GP1',2,'Kamis',42),(3248,1,'GP',1,'KIM',37,'12.55 - 13.35','GP1',2,'Kamis',42),(3249,1,'GP',1,'KIM',37,'13.35 - 14.15','GP1',2,'Kamis',42),(3250,1,'GP',1,'KIM',37,'14.15 - 14.55','GP1',2,'Kamis',42),(3251,1,'GP',1,'JUMAT',33,'07.00 - 07.45','GP1',2,'Jumat',41),(3252,1,'GP',1,'BING',33,'07.45 - 08.30','GP1',2,'Jumat',41),(3253,1,'GP',1,'BING',33,'08.30 - 09.15','GP1',2,'Jumat',41),(3254,1,'GP',1,'BING',33,'09.15 - 10.00','GP1',2,'Jumat',41),(3255,1,'GP',1,'ISTIRAHAT',33,'10.00 - 10.15','GP1',2,'Jumat',41),(3256,1,'GP',1,'SIMDIG',33,'10.15 - 11.00','GP1',2,'Jumat',41),(3257,1,'GP',1,'SIMDIG',33,'11.00 - 11.45','GP1',2,'Jumat',41),(3258,1,'GP',1,'JUMAT',37,'07.00 - 07.45','GP1',2,'Jumat',42),(3259,1,'GP',1,'SB',37,'07.45 - 08.30','GP1',2,'Jumat',42),(3260,1,'GP',1,'SB',37,'08.30 - 09.15','GP1',2,'Jumat',42),(3261,1,'GP',1,'SB',37,'09.15 - 10.00','GP1',2,'Jumat',42),(3262,1,'GP',1,'ISTIRAHAT',37,'10.00 - 10.15','GP1',2,'Jumat',42),(3263,1,'GP',1,'SEJARAH',37,'10.15 - 11.00','GP1',2,'Jumat',42),(3264,1,'GP',1,'SEJARAH',37,'11.00 - 11.45','GP1',2,'Jumat',42),(3265,1,'TKJ',4,'ABA',32,'07.00 - 07.45','RTKJ1',2,'Senin',39),(3266,1,'TKJ',4,'ABA',1,'07.00 - 07.45','RTKJ1',2,'Senin',40);
/*!40000 ALTER TABLE `tb_jadwal` ENABLE KEYS */;
UNLOCK TABLES;

--
-- Table structure for table `tb_jenjang_sekolah`
--

DROP TABLE IF EXISTS `tb_jenjang_sekolah`;
/*!40101 SET @saved_cs_client     = @@character_set_client */;
/*!40101 SET character_set_client = utf8 */;
CREATE TABLE `tb_jenjang_sekolah` (
  `id_jenjang` int(11) NOT NULL AUTO_INCREMENT,
  `nama_jenjang` varchar(10) NOT NULL,
  `jumlah_kelas` int(11) NOT NULL,
  PRIMARY KEY (`id_jenjang`)
) ENGINE=InnoDB AUTO_INCREMENT=4 DEFAULT CHARSET=latin1;
/*!40101 SET character_set_client = @saved_cs_client */;

--
-- Dumping data for table `tb_jenjang_sekolah`
--

LOCK TABLES `tb_jenjang_sekolah` WRITE;
/*!40000 ALTER TABLE `tb_jenjang_sekolah` DISABLE KEYS */;
INSERT INTO `tb_jenjang_sekolah` VALUES (1,'SD/MI',6),(2,'SMP/MTS',3),(3,'SMA/SMK',4);
/*!40000 ALTER TABLE `tb_jenjang_sekolah` ENABLE KEYS */;
UNLOCK TABLES;

--
-- Table structure for table `tb_jurusan`
--

DROP TABLE IF EXISTS `tb_jurusan`;
/*!40101 SET @saved_cs_client     = @@character_set_client */;
/*!40101 SET character_set_client = utf8 */;
CREATE TABLE `tb_jurusan` (
  `id_jurusan` varchar(10) NOT NULL,
  `nama_jurusan` varchar(40) NOT NULL,
  PRIMARY KEY (`id_jurusan`)
) ENGINE=InnoDB DEFAULT CHARSET=latin1;
/*!40101 SET character_set_client = @saved_cs_client */;

--
-- Dumping data for table `tb_jurusan`
--

LOCK TABLES `tb_jurusan` WRITE;
/*!40000 ALTER TABLE `tb_jurusan` DISABLE KEYS */;
INSERT INTO `tb_jurusan` VALUES ('GP','GEOLOGI PERTAMBANGAN'),('KA','KIMIA ANALIS'),('KI','KIMIA INDUSTRI'),('TAV','TEKNIK AUDIO VIDIO'),('TGB','TEKNIK GAMBAR BANGUNAN'),('TKJ','TEKNIK KOMPUTER dan JARINGAN'),('TKR','TEKNIK KENDARAAN RINGAN'),('TOI','TEKNIK OTOMASI INDUSTRI'),('TP','TEKNIK PERMESINAN'),('TPBO','TEKNIK PERBAIKAN BODI OTOMOTIF'),('TPMP','TEKNIK PENGOLAHAN MIGAS dan PETROKIMIA');
/*!40000 ALTER TABLE `tb_jurusan` ENABLE KEYS */;
UNLOCK TABLES;

--
-- Table structure for table `tb_kurikulum`
--

DROP TABLE IF EXISTS `tb_kurikulum`;
/*!40101 SET @saved_cs_client     = @@character_set_client */;
/*!40101 SET character_set_client = utf8 */;
CREATE TABLE `tb_kurikulum` (
  `id_kurikulum` int(11) NOT NULL AUTO_INCREMENT,
  `nama_kurikulum` varchar(30) NOT NULL,
  `is_aktif` enum('y','n') NOT NULL,
  PRIMARY KEY (`id_kurikulum`)
) ENGINE=InnoDB AUTO_INCREMENT=8 DEFAULT CHARSET=latin1;
/*!40101 SET character_set_client = @saved_cs_client */;

--
-- Dumping data for table `tb_kurikulum`
--

LOCK TABLES `tb_kurikulum` WRITE;
/*!40000 ALTER TABLE `tb_kurikulum` DISABLE KEYS */;
INSERT INTO `tb_kurikulum` VALUES (1,'KURIKULUM 2006','n'),(2,'KURIKULUM 2013','y');
/*!40000 ALTER TABLE `tb_kurikulum` ENABLE KEYS */;
UNLOCK TABLES;

--
-- Table structure for table `tb_kurikulum_detail`
--

DROP TABLE IF EXISTS `tb_kurikulum_detail`;
/*!40101 SET @saved_cs_client     = @@character_set_client */;
/*!40101 SET character_set_client = utf8 */;
CREATE TABLE `tb_kurikulum_detail` (
  `id_kurikulum_detail` int(11) NOT NULL AUTO_INCREMENT,
  `id_kurikulum` int(11) NOT NULL,
  `id_mapel` varchar(10) NOT NULL,
  `id_jurusan` varchar(10) NOT NULL,
  `kelas` int(11) NOT NULL,
  PRIMARY KEY (`id_kurikulum_detail`),
  KEY `id_kurikulum` (`id_kurikulum`),
  KEY `id_mapel` (`id_mapel`),
  KEY `id_jurusan` (`id_jurusan`),
  CONSTRAINT `tb_kurikulum_detail_ibfk_1` FOREIGN KEY (`id_kurikulum`) REFERENCES `tb_kurikulum` (`id_kurikulum`),
  CONSTRAINT `tb_kurikulum_detail_ibfk_2` FOREIGN KEY (`id_mapel`) REFERENCES `tb_mapel` (`id_mapel`),
  CONSTRAINT `tb_kurikulum_detail_ibfk_3` FOREIGN KEY (`id_jurusan`) REFERENCES `tb_jurusan` (`id_jurusan`)
) ENGINE=InnoDB AUTO_INCREMENT=4 DEFAULT CHARSET=latin1;
/*!40101 SET character_set_client = @saved_cs_client */;

--
-- Dumping data for table `tb_kurikulum_detail`
--

LOCK TABLES `tb_kurikulum_detail` WRITE;
/*!40000 ALTER TABLE `tb_kurikulum_detail` DISABLE KEYS */;
INSERT INTO `tb_kurikulum_detail` VALUES (2,2,'ABA','TKJ',4),(3,2,'ABA','GP',2);
/*!40000 ALTER TABLE `tb_kurikulum_detail` ENABLE KEYS */;
UNLOCK TABLES;

--
-- Table structure for table `tb_level_user`
--

DROP TABLE IF EXISTS `tb_level_user`;
/*!40101 SET @saved_cs_client     = @@character_set_client */;
/*!40101 SET character_set_client = utf8 */;
CREATE TABLE `tb_level_user` (
  `id_level_user` int(11) NOT NULL AUTO_INCREMENT,
  `nama_level` varchar(20) NOT NULL,
  PRIMARY KEY (`id_level_user`)
) ENGINE=InnoDB AUTO_INCREMENT=6 DEFAULT CHARSET=latin1;
/*!40101 SET character_set_client = @saved_cs_client */;

--
-- Dumping data for table `tb_level_user`
--

LOCK TABLES `tb_level_user` WRITE;
/*!40000 ALTER TABLE `tb_level_user` DISABLE KEYS */;
INSERT INTO `tb_level_user` VALUES (1,'admin'),(3,'guru'),(5,'siswa');
/*!40000 ALTER TABLE `tb_level_user` ENABLE KEYS */;
UNLOCK TABLES;

--
-- Table structure for table `tb_mapel`
--

DROP TABLE IF EXISTS `tb_mapel`;
/*!40101 SET @saved_cs_client     = @@character_set_client */;
/*!40101 SET character_set_client = utf8 */;
CREATE TABLE `tb_mapel` (
  `id_mapel` varchar(10) NOT NULL,
  `nama_mapel` varchar(50) NOT NULL,
  PRIMARY KEY (`id_mapel`)
) ENGINE=InnoDB DEFAULT CHARSET=latin1;
/*!40101 SET character_set_client = @saved_cs_client */;

--
-- Dumping data for table `tb_mapel`
--

LOCK TABLES `tb_mapel` WRITE;
/*!40000 ALTER TABLE `tb_mapel` DISABLE KEYS */;
INSERT INTO `tb_mapel` VALUES ('ABA','ANALISIS BAHAN ANORGANIK'),('ABO','ANALISIS BAHAN ORGANIK'),('ADMI','ADMINISTRASI INFRASTRUKTUR'),('AIK','ALAT INDUSTRI KIMIA'),('AKD','ANALISIS KIMIA DASAR'),('AKI','ANALISIS KIMIA INSTRUMEN'),('AM','ANALISIS MIKROBIOLOGI'),('APL','APLIKASI PERANGKAT LUNAK'),('ASJ','ADMINISTRASI SISTEM JARINGAN'),('AT','ANALISIS TIMETRI'),('ATK','ANALISIS TEKNIK KIMIA'),('BG','BATU GALIAN'),('BIND','BAHASA INDONESIA'),('BING','BAHASA INGGRIS'),('BJAWA','BAHASA JAWA'),('BK','BIMBINGAN KONSELING'),('CNC','KOMPUTER KONTROL NUMERIK'),('DDG','DASAR DESAIN GRAFIS'),('DG','DASAR GEOLOGI'),('DLE','DASAR LISTRIK DAN ELEKTRONIKA'),('EBKSPG','EST BIAYA KONST SANITASI & PRWT GEDUNG'),('ESBK','ESTIMASI BIAYA KONSTRUKSI'),('ETP','EKSPLORASI & T PENAMBANGAN'),('FIS','FISIKA'),('GAMTEK','GAMBAR TEKNIK'),('GD','GEOLOGI DASAR'),('GEOTEK','GEOTEK'),('GP','GP'),('GTO','GAMBAR TEKNIK OTOMOTIF'),('IBADAH','IBADAH JUMAT'),('IKOMA','INFRASTRUKTUR KOMPUTASI AWAN'),('IPPMTE','IPPMTE'),('IPPST','IPPST'),('IPPSTGE','IPPSTGE'),('IPS','ILMU PENDIDIKAN SOSIAL'),('IPSKDTKB','IPSKDTKB'),('ISTIRAHAT','ISTIRAHAT'),('JUMAT','JUM\'AT TAQWA'),('K3LH','K3 LINGKUNGAN HIDUP'),('KB','KONTROL BANGUNAN'),('KBG','KONSTRUKSI BANGUNAN GEDUNG'),('KBGT','KEJA BENGKEL GAMBAR TEKNIK'),('KIM','KIMIA'),('KJ','KEAMANAN JARINGAN'),('KJJ','KONSTRUKSI JALAN DAN JEMBATAN'),('KOMJAR','KOMPUTER & JARINGAN'),('KT','KONSTANTA TEKNIK'),('KUG','KONSTRUKSI DAN UTILITAS GEDUNG'),('LKA','LAYANAN KOMPUTASI AWAN'),('MB','MIKROBIOLOGI'),('MK','MEKANIKA & ELEKTRONIKA'),('MPO','MPO'),('MT','MEKANIKA TEKNIK'),('MTK','MATEMATIKA'),('OTK','OPERASI TEKNIK KIMIA'),('PAI','PENDIDIKAN AGAMA ISLAM'),('PBO','PBO'),('PDEM','PEKERJAAN DASAR ELEKTROMEKANIK'),('PDTM','PEKERJAAN DASAR TEKNIK MESIN'),('PDTO','PEKERJAAN DASAR TEKNIK OTOMOTIF'),('PEMDAS','PEMROGRAMAN DASAR'),('PENJAS','PENDIDIKAN JASMANI'),('PERBODI','PERBAIKAN BODI'),('PERGAM','PERANCANGAN GAMBAR'),('PG','PERAWATAN GEDUNG'),('PIK','PROSES INDUSTRI KIMIA'),('PIM','PENGOLAHAN INDUSTRI MIGAS'),('PISAV','PERANCANGAN INSTALASI SISTEM AUDIO DAN VIDEO'),('PK','PRODUK KREATIF'),('PKA','PLATFORM KOMPUTASI AWAN'),('PKK','PK KEWIRAUSAHAAN'),('PMM','PEMROG M.PROSESOR & M.KONTROLER'),('PMSH','P MIGAS & SH'),('PP','PELEDAKAN & PENGEBORAN'),('PPI','PEMELIHARAAN & PERBAIKAN INTERIOR'),('PPKN','PENDIDIKAN KEWARGANEGARAAN'),('PPKO','PPKO'),('PPMO','PPMO'),('PPMP','PPM & P'),('PPPEAV','Perawatan dan Perbaikan Peralatan Elektronika Audi'),('PPSPTO','PRWT & PERBAIKAN SASIS, PEMINDAH T.OTO'),('PPU','PP & U'),('PRE','PENERAPAN RANGKAIAN ELEKTRONIKA'),('PREDK','PR ELEKTRONIKA DAYA DAN KOMUNIKASI'),('PSA','PS & A'),('PSRTV','PEREKAYASAAN SISTEM RADIO & TELEVISI'),('PTG','PENDIDIKAN TOPOGRAFI DAN GEOLOGI'),('PTOP','PEMETAAN TOPOGRAFI'),('SB','SENI BUDAYA'),('SEJARAH','SEJARAH'),('SENIN','UPACARA'),('SIMDIG','SIMULASI DIGITAL'),('SIOT','SISTEM INTERNET OF THINGS'),('SKE','S.K.ELP'),('SKEME','SISTEM KONTROL E MEKANIKA & ELEKTRONIKA'),('SKJ','SISTEM KEAMANAN JARINGAN'),('SKOM','SISTEM KOMPUTER'),('SKP','S K Pn'),('SKT','SISTEM KONTROL TERPROGRAM'),('SUB','SISTEM UTILITAS BANGUNAN'),('TDL','TEKNIK DASAR LAB'),('TEKL','TEKNOLOGI LAYANAN'),('TFL','TEKNIK FABRIKASI LOGAM'),('TIK','TIK'),('TJBL','TEKNOLOGI LAYANAN JARINGAN BERBASIS LUAS'),('TLJ','TEKNOLOGI LAYANAN JARINGAN'),('TPK','TEKNIK PERMESINAN KONVENSIONAL'),('TPMM','T. PEMROG, M.PROCESSOR, & M.CONTROLLER'),('TPT','TEKNIK PENGUKURAN TANAH');
/*!40000 ALTER TABLE `tb_mapel` ENABLE KEYS */;
UNLOCK TABLES;

--
-- Table structure for table `tb_menu`
--

DROP TABLE IF EXISTS `tb_menu`;
/*!40101 SET @saved_cs_client     = @@character_set_client */;
/*!40101 SET character_set_client = utf8 */;
CREATE TABLE `tb_menu` (
  `id_menu` int(11) NOT NULL AUTO_INCREMENT,
  `nama_menu` varchar(50) NOT NULL,
  `url` varchar(50) NOT NULL,
  `icon` varchar(20) NOT NULL,
  `is_main_menu` int(11) NOT NULL,
  PRIMARY KEY (`id_menu`)
) ENGINE=InnoDB AUTO_INCREMENT=75 DEFAULT CHARSET=latin1;
/*!40101 SET character_set_client = @saved_cs_client */;

--
-- Dumping data for table `tb_menu`
--

LOCK TABLES `tb_menu` WRITE;
/*!40000 ALTER TABLE `tb_menu` DISABLE KEYS */;
INSERT INTO `tb_menu` VALUES (1,'DATABASE SISWA','siswa','fa fa-users',0),(2,'DATABASE GURU','guru','fa fa-graduation-cap',0),(3,'DATA SEKOLAH','sekolah','fa fa-dashboard',0),(4,'DATA MASTER','#','fa fa-dashboard',0),(10,'MATA PELAJARAN','mapel','fa fa-book',4),(11,'RUANGAN KELAS','ruangan','fa fa-building',4),(12,'JURUSAN','jurusan','fa fa-th-large',4),(13,'TAHUN AJARAN','tahun_ajaran','fa fa-calendar-o',4),(14,'JADWAL PELAJARAN','jadwal','fa fa-calendar',0),(15,'ROMBONGAN BELAJAR','rombel','fa fa-users',4),(16,'LAPORAN NILAI','nilai','fa fa-file-excel-o',0),(17,'PENGGUNA SISTEM','users','fa fa-cubes',0),(18,'KURIKULUM','kurikulum','fa fa-newspaper-o',4),(19,'WALI KELAS','walikelas','fa fa-users',0),(22,'PESERTA DIDIK','siswa/siswa_aktif','fa fa-graduation-cap',0),(30,'SISWA ADD','siswa/add','fa fa-users',100),(32,'RAPORT ONLINE','raport','fa fa-book',0),(33,'RULE','users/rule','fa fa-users',100),(34,'SISWA EDIT','siswa/edit','fa fa-users',100),(35,'SISWA DELETE','siswa/delete','fa fa-users',100),(36,'SISWA FORM','siswa/form','fa fa-users',100),(37,'ADD GURU','guru/add','fa fa-users',100),(38,'ADD MAPEL','mapel/add','fa fa-users',100),(39,'ADD KELAS','ruangan/add','fa fa-users',100),(40,'ADD JURUSAN','jurusan/add','fa fa-users',100),(41,'ADD TAHUN AJARAN','tahun_ajaran/add','fa fa-users',100),(42,'ADD USERS','users/add','fa fa-users',100),(43,'ADD WALIKELAS','walikelas/add','fa fa-users',100),(44,'EDIT GURU','guru/edit','fa fa-pencil',100),(45,'DELETE GURU','guru/delete','fa fa-trash',100),(46,'FORMULIR GURU','guru/form','fa fa-users',100),(47,'EDIT MAPEL','mapel/edit','fa fa-pencil',100),(48,'DELETE MAPEL','mapel/delete','fa fa-trash',100),(49,'FORMULIR MAPEL','mapel/form','fa fa-users',100),(50,'EDIT KELAS','ruangan/edit','fa fa-pencil',100),(51,'DELETE KELAS','ruangan/delete','fa fa-trash',100),(52,'FORMULIR KELAS','ruangan/form','fa fa-users',100),(53,'EDIT JURUSAN','jurusan/edit','fa fa-pencil',100),(54,'DELETE JURUSAN','jurusan/delete','fa fa-trash',100),(55,'FORMULIR JURUSAN','jurusan/form','fa fa-users',100),(56,'EDIT TAHUN AJARAN','tahun_ajaran/edit','fa fa-pencil',100),(57,'DELETE TAHUN AJARAN','tahun_ajaran/delete','fa fa-trash',100),(58,'FORMULIR TAHUN AJARAN','tahun_ajaran/form','fa fa-users',100),(59,'EDIT ROMBEL','rombel/edit','fa fa-pencil',100),(60,'DELETE ROMBEL','rombel/delete','fa fa-trash',100),(61,'FORMULIR ROMBEL','rombel/form','fa fa-users',100),(62,'DELETE JADWAL','jadwal/delete','fa fa-trash',100),(63,'EDIT USERS','users/edit','fa fa-pencil',100),(64,'DELETE USERS','users/delete','fa fa-trash',100),(65,'RULE USERS','users/rule','fa fa-users',100),(66,'ADD WALIKELAS','walikelas/add','fa fa-users',100),(67,'ADD HISTORY KELAS','nilai/add','fa fa-users ',100),(68,'CETAK RAPORT','raport/nilai_semester','fa fa-users',100),(69,'ADD ROMBEL','rombel/add','fa fa-users',100),(70,'KURIKULUM ADD','kurikulum/add','fa fa-users',100),(71,'KURIKULUM EDIT','kurikulum/edit','fa fa-users',100),(72,'KURIKULUM DELETE','kurikulum/delete','fa fa-users',100),(73,'KURIKULUM ADD DETAIL','kurikulum/adddetail','fa fa-users',100),(74,'KURIKULUM DELETE DETAIL','kurikulum/deletedetail','fa fa-users',100);
/*!40000 ALTER TABLE `tb_menu` ENABLE KEYS */;
UNLOCK TABLES;

--
-- Table structure for table `tb_nilai`
--

DROP TABLE IF EXISTS `tb_nilai`;
/*!40101 SET @saved_cs_client     = @@character_set_client */;
/*!40101 SET character_set_client = utf8 */;
CREATE TABLE `tb_nilai` (
  `id_nilai` int(11) NOT NULL AUTO_INCREMENT,
  `id_jadwal` int(11) NOT NULL,
  `nis` int(11) NOT NULL,
  `nilai` int(11) NOT NULL,
  PRIMARY KEY (`id_nilai`),
  KEY `id_jadwal` (`id_jadwal`),
  KEY `nis` (`nis`),
  CONSTRAINT `tb_nilai_ibfk_1` FOREIGN KEY (`id_jadwal`) REFERENCES `tb_jadwal` (`id_jadwal`),
  CONSTRAINT `tb_nilai_ibfk_2` FOREIGN KEY (`nis`) REFERENCES `tb_siswa` (`nis`)
) ENGINE=InnoDB AUTO_INCREMENT=28 DEFAULT CHARSET=latin1;
/*!40101 SET character_set_client = @saved_cs_client */;

--
-- Dumping data for table `tb_nilai`
--

LOCK TABLES `tb_nilai` WRITE;
/*!40000 ALTER TABLE `tb_nilai` DISABLE KEYS */;
INSERT INTO `tb_nilai` VALUES (1,10,16452,100),(2,10,16451,80),(3,8,16452,100),(4,8,16465,100),(5,3146,16452,90),(6,3146,16451,100),(7,3146,16454,100),(8,3150,16452,100),(9,1,10009,90),(10,1,10010,78),(11,1,10011,90),(12,2,10009,100),(13,2,10010,40),(14,2,10011,68),(15,2422,16910,0),(16,3266,16452,100),(17,3266,16451,80),(18,3266,16454,90),(19,3266,16453,78),(20,3266,16455,90),(21,3266,16456,87),(22,3266,16457,98),(23,3266,16458,100),(24,3266,16459,90),(25,3266,16460,100),(26,2423,16910,80),(27,2430,16910,70);
/*!40000 ALTER TABLE `tb_nilai` ENABLE KEYS */;
UNLOCK TABLES;

--
-- Table structure for table `tb_rombel`
--

DROP TABLE IF EXISTS `tb_rombel`;
/*!40101 SET @saved_cs_client     = @@character_set_client */;
/*!40101 SET character_set_client = utf8 */;
CREATE TABLE `tb_rombel` (
  `id_rombel` int(11) NOT NULL AUTO_INCREMENT,
  `nama_rombel` varchar(30) NOT NULL,
  `kelas` int(11) NOT NULL,
  `id_jurusan` varchar(10) NOT NULL,
  `username` varchar(32) NOT NULL,
  `password` varchar(64) NOT NULL,
  PRIMARY KEY (`id_rombel`),
  UNIQUE KEY `nama_rombel` (`nama_rombel`),
  KEY `tb_rombel_ibfk_1` (`id_jurusan`),
  CONSTRAINT `tb_rombel_ibfk_1` FOREIGN KEY (`id_jurusan`) REFERENCES `tb_jurusan` (`id_jurusan`)
) ENGINE=InnoDB AUTO_INCREMENT=91 DEFAULT CHARSET=latin1;
/*!40101 SET character_set_client = @saved_cs_client */;

--
-- Dumping data for table `tb_rombel`
--

LOCK TABLES `tb_rombel` WRITE;
/*!40000 ALTER TABLE `tb_rombel` DISABLE KEYS */;
INSERT INTO `tb_rombel` VALUES (1,'TAV1A',1,'TAV','tav1a','21817780b4eff9ce88cd76b7c438e0a2'),(2,'TAV1B',1,'TAV','tav1b','c78c061cd57d87d5bc62c02914e9b297'),(3,'TAV2A',2,'TAV','tav2a','6c07822123e1384f64ae8d0b89fbd656'),(4,'TAV2B',2,'TAV','tav2b','2a314bffccb052f0c080327f85d7c6a3'),(5,'TAV3A',3,'TAV','tav3a','65f40c578a5ebb022645a00fe916ce63'),(6,'TAV3B',3,'TAV','tav3b','1dcd2164e0749a5dcc60a8131f78b929'),(7,'TAV4A',4,'TAV','tav4a','b31cb7f94e0cb0b7946b21ccf95940c9'),(8,'TAV4B',4,'TAV','tav4b','bf809278ba84a93f5ff375263fcd49b8'),(9,'TPBO1A',1,'TPBO','tpbo1a','25f3bcd6b9e00212284cde234cfe1cde'),(10,'TPBO1B',1,'TPBO','tpbo1b','e18afd94b5930634b2719f77d3ccd17e'),(11,'TPBO2A',2,'TPBO','tpbo2a','cdfc87a32a1c82f9c31a730c105bb1d3'),(12,'TPBO2B',2,'TPBO','tpbo2b','3bf5f78a151901d2bae5485b8d84250b'),(13,'TPBO3A',3,'TPBO','tpbo3a','e93d136978779102d2f5adea9068d2b7'),(14,'TPBO3B',3,'TPBO','tpbo3b','aee7a224e1bc12d8e8e7bf988e0dad6c'),(15,'TPBO4A',4,'TPBO','tpbo4a','a0d0a41a14033ea81d8952c69aabfef3'),(16,'TPBO4B',4,'TPBO','tpbo4b','2133fc1bc45ddf17de785ce8a4cb197e'),(17,'TP1A',1,'TP','tp1a','381871f23b14b3ac220fa63281ed0bc3'),(18,'TP1B',1,'TP','tp1b','afe20a4586463e20aac81f0d59ce0c96'),(19,'TP2A',2,'TP','tp2a','0df23bf3b00b3d8c8b6a53d0e7fc7722'),(20,'TP2B',2,'TP','tp2b','c8de5c51044c1b001da933807e756e2a'),(21,'TP3A',3,'TP','tp3a','3bd84ebdd1215e026fc947525ab3af7a'),(22,'TP3B',3,'TP','tp3b','0d8b635dc96581916cc3410a96002c59'),(23,'TP4A',4,'TP','tp4a','33d99be5f833a885b4f24e8cb9d679a5'),(24,'TP4B',4,'TP','tp4b','e6e44cdf396589aced76e48bb366aa28'),(25,'TGB1A',1,'TGB','tgb1a','cda619ff249228944a22f20b68366e25'),(26,'TGB1B',1,'TGB','tgb1b','032d5500d4071aa5a377d749e74943a2'),(27,'TGB2A',2,'TGB','tgb2a','0fedadb0ba4d5a9992090282eb134ae1'),(28,'TGB2B',2,'TGB','tgb2b','86c5f84e05ece983d66ae033f47e226b'),(29,'TGB3A',3,'TGB','tgb3a','c76639a04fcac6969833011617f2de46'),(30,'TGB3B',3,'TGB','tgb3b','8a9edb102b8f722c94127bc436aac088'),(31,'TGB4A',4,'TGB','tgb4a','2f7688ff7d8881a66ffd2256f5ddaa6c'),(32,'TGB4B',4,'TGB','tgb4b','f81d5c1aae1c8541207ab390b319f1f3'),(33,'TKJ1A',1,'TKJ','tkj1a','4aaaf58790eda789c4bd81fc1b37e8a6'),(34,'TKJ1B',1,'TKJ','tkj1b','952e6be7123cbcaedfe7254a88c8fd99'),(35,'TKJ2A',2,'TKJ','tkj2a','931dc1dc8098050707f6458c610424ff'),(36,'TKJ2B',2,'TKJ','tkj2b','ec4d998fd01555af3d1e3433c433c222'),(37,'TKJ3A',3,'TKJ','tkj3a','d7a70eccc110c3d03670e5e757a0b1a9'),(38,'TKJ3B',3,'TKJ','tkj3b','4409d2adfb81491aa8a8c29e0a45b376'),(39,'TKJ4A',4,'TKJ','tkj4a','e247dcd926d2ac1a6b9e191d74766de0'),(40,'TKJ4B',4,'TKJ','tkj4b','8de076de31f6a389db2bb0f4e7497cb2'),(41,'GP1A',1,'GP','gp1a','ffda078018eb3bf1a4c2a6d182ad53f6'),(42,'GP1B',1,'GP','gp1b','e8742d2e4d2c0236f56ab2dea4907530'),(43,'GP2A',2,'GP','gp2a','0b941e22926e5895ca08e94ce4e16aab'),(44,'GP2B',2,'GP','gp2b','2443431937ce1819fccb333765b88827'),(45,'GP3A',3,'GP','gp3a','9464e346dfc5bca0653fe91f929645c2'),(46,'GP3B',3,'GP','gp3b','7c91ff3478d3eb80ce4c5110265def37'),(47,'GP4A',4,'GP','gp4a','3d30b4a9fed5ddb247bb78fe4c9334cc'),(48,'GP4B',4,'GP','gp4b','b7f8befebd755351140aa8728f8b39f7'),(49,'KI1A',1,'KI','ki1a','0dd57d8662f7a00e9675219736dbbbb9'),(50,'KI1B',1,'KI','ki1b','ef1afda34257250c847ed04896d3ed92'),(51,'KI2A',2,'KI','ki2a','e901ac0f1e6e859999dedb8920cb1397'),(52,'KI2B',2,'KI','ki2b','b21ff49287e35511e32aa1d5c80cc422'),(53,'KI3A',3,'KI','ki3a','725247469a86579c401d7bd6c512d6f8'),(54,'KI3B',3,'KI','ki3b','05ef48feadeb5b1233a4f65e6ce112c4'),(55,'KI4A',4,'KI','ki4a','c486614b63dcaab047ef13f48a87f03f'),(56,'KI4B',4,'KI','ki4b','db9d68be05f82794014128707ce2f66e'),(57,'KA1A',1,'KA','ka1a','0bac5214e67438181844e454e74dba2e'),(58,'KA1B',1,'KA','ka1b','a5a1b828b25addf417bc4bd26b0f6f58'),(59,'KA2A',2,'KA','ka2a','628a22e035c8704aba13d02032789779'),(60,'KA2B',2,'KA','ka2b','fef5ee50a79d8ec4314dbb341005b542'),(61,'KA3A',3,'KA','ka3a','0ed4c84fa9e77ce2307447823b564490'),(62,'KA3B',3,'KA','ka3b','e50f3ca207e6e4561c3caa1de74ee042'),(63,'KA4A',4,'KA','ka4a','26575e22d0826938dfc4c740d0f4e310'),(64,'KA4B',4,'KA','ka4b','e11c62639f16902dbf0faf917b89b931'),(65,'TOI1A',1,'TOI','toi1a','9b2298af3b1cbddf00d29ae03efdb1bc'),(66,'TOI1B',1,'TOI','toi1b','3eaf704e5f610e5455df98934adb94c1'),(67,'TOI2A',2,'TOI','toi2a','2c0e1575a8a0e4c5ecf2ab9fec8d5e06'),(68,'TOI2B',2,'TOI','toi2b','39aaa27a20bbce6fa7a40aa4a03b42b4'),(69,'TOI3A',3,'TOI','toi3a','4532d2d20baa338fb4b837691729746c'),(70,'TOI3B',3,'TOI','toi3b','bb9d106053f61ab53a8af1e3910a7ab6'),(71,'TOI4A',4,'TOI','toi4a','e59b1436855f099017bb8563830a3f51'),(72,'TOI4B',4,'TOI','toi4b','4d934f5ee61661bc2d8e7e6c2a6624e1'),(73,'TPMP1A',1,'TPMP','tpmp1a','87c3146ac8e73ff99016bc75fc8f53d7'),(74,'TPMP1B',1,'TPMP','tpmp1b','c382889bde29d2e16f9944208f2ce1a4'),(75,'TPMP2A',2,'TPMP','tpmp2a','fa175a92ecede5a730cc222eeda156b1'),(76,'TPMP2B',2,'TPMP','tpmp2b','3b77c55152ee627778c59f36b1c886d4'),(77,'TPMP3A',3,'TPMP','tpmp3a','38342545f5b6d096307cf77300d4b5c0'),(78,'TPMP3B',3,'TPMP','tpmp3b','57d671bbac994c20bbe52f0361acb479'),(79,'TPMP4A',4,'TPMP','tpmp4a','d65857c03454c2174ff8b070d52c6af4'),(80,'TPMP4B',4,'TPMP','tpmp4b','34c635ecdfb74f2fc83e12a77d2e25e5'),(81,'TKR1A',1,'TKR','tkr1a','35f047c64074aac4af227200431390d6'),(82,'TKR1B',1,'TKR','tkr1b','a402b5312c7d8a5f1c4e7a7526ed5b21'),(83,'TKR2A',2,'TKR','tkr2a','9cea9510031835612c5bd41d6c995ef1'),(84,'TKR2B',2,'TKR','tkr2b','9abaa4fb0f6107a4a399b1e3c8801f78'),(85,'TKR3A',3,'TKR','tkr3a','0277fda34af0e7c3c35539c999f4dfaa'),(86,'TKR3B',3,'TKR','tkr3b','3ac8bb7220d76351f88d4823c97975a1'),(87,'TKR4A',4,'TKR','tkr4a','c4da5c02b0965c57cb8da5c8a1a94b51'),(88,'TKR4B',4,'TKR','tkr4b','8a9aab959b76f80e32e327c46e255ed8'),(90,'TKJ B',3,'GP','','');
/*!40000 ALTER TABLE `tb_rombel` ENABLE KEYS */;
UNLOCK TABLES;

--
-- Table structure for table `tb_ruangan`
--

DROP TABLE IF EXISTS `tb_ruangan`;
/*!40101 SET @saved_cs_client     = @@character_set_client */;
/*!40101 SET character_set_client = utf8 */;
CREATE TABLE `tb_ruangan` (
  `id_ruangan` varchar(10) NOT NULL,
  `nama_ruangan` varchar(40) NOT NULL,
  PRIMARY KEY (`id_ruangan`)
) ENGINE=InnoDB DEFAULT CHARSET=latin1;
/*!40101 SET character_set_client = @saved_cs_client */;

--
-- Dumping data for table `tb_ruangan`
--

LOCK TABLES `tb_ruangan` WRITE;
/*!40000 ALTER TABLE `tb_ruangan` DISABLE KEYS */;
INSERT INTO `tb_ruangan` VALUES ('GP1','Geologi Pertambangan 1'),('GP2','Geologi Pertambangan 2'),('GP3','Geologi Pertambangan 3'),('GP4','Geologi Pertambangan 4'),('GP5','Geologi Pertambangan 5'),('GP6','Geologi Pertambangan 6'),('GP7','Geologi Pertambangan 7'),('GP8','Geologi Pertambangan 8'),('LABKIMIA1','Laboratorium Kimia 1'),('LABKIMIA2','Laboratorium Kimia 2'),('LABKIMIA3','Laboratorium Kimia 3'),('LABKIMIA4','Laboratorium Kimia 4'),('LABKIMIA5','Laboratorium Kimia 5'),('LABKIMIA6','Laboratorium Kimia 6'),('LABKIMIA7','Laboratorium Kimia 7'),('LABKIMIA8','Laboratorium Kimia 8'),('LB1','Laboratorium Bahasa 1'),('LB2','Laboratorium Bahasa 2'),('M1','Ruang Mesin 1'),('M2','Ruang Mesin 2'),('M3','Ruang Mesin 3'),('M4','Ruang Mesin 4'),('M5','Ruang Mesin 5'),('M6','Ruang Mesin 6'),('M7','Ruang Mesin 7'),('M8','Ruang Mesin 8'),('MASJID','Masjid'),('PNP 2','LAB PNP 2'),('RTAV1','Ruang TAV 1'),('RTAV3','Ruang TAV 3'),('RTGB1','Ruang TGB 1'),('RTGB3','Ruang TGB 3'),('RTKJ1','LAB PEMROGRAMAN'),('RTKJ2','LAB PERBAIKAN & PERAWATAN'),('RTKJ3','LAB LAN'),('RTKJ4','LAB WAN'),('RTKR3','Ruang TKR 3'),('RTOI3','Ruang TOI 3'),('RTP3','Ruang TP 3'),('RUTOR1','Ruang Teori 1'),('RUTOR10','Ruang Teori 10'),('RUTOR11','Ruang Teori 11'),('RUTOR12','Ruang Teori 12'),('RUTOR13','Ruang Teori 13'),('RUTOR14','Ruang Teori 14'),('RUTOR15','Ruang Teori 15'),('RUTOR16','Ruang Teori 16'),('RUTOR17','Ruang Teori 17'),('RUTOR18','Ruang Teori 18'),('RUTOR19','Ruang Teori 19'),('RUTOR2','Ruang Teori 2'),('RUTOR20','Ruang Teori 20'),('RUTOR21','Ruang Teori 21'),('RUTOR22','Ruang Teori 22'),('RUTOR23','Ruang Teori 23'),('RUTOR24','Ruang Teori 24'),('RUTOR25','Ruang Teori 25'),('RUTOR3','Ruang Teori 3'),('RUTOR4','Ruang Teori 4'),('RUTOR5','Ruang Teori 5'),('RUTOR6','Ruang Teori 6'),('RUTOR7','Ruang Teori 8'),('RUTOR9','Ruang Teori 9'),('TPMP1','Ruang TPMP 1'),('TPMP3','Ruang TPMP 3');
/*!40000 ALTER TABLE `tb_ruangan` ENABLE KEYS */;
UNLOCK TABLES;

--
-- Table structure for table `tb_sekolah_info`
--

DROP TABLE IF EXISTS `tb_sekolah_info`;
/*!40101 SET @saved_cs_client     = @@character_set_client */;
/*!40101 SET character_set_client = utf8 */;
CREATE TABLE `tb_sekolah_info` (
  `id_sekolah` int(11) NOT NULL AUTO_INCREMENT,
  `nama_sekolah` varchar(30) NOT NULL,
  `id_jenjang` int(11) NOT NULL,
  `alamat` text NOT NULL,
  `email` varchar(30) NOT NULL,
  `telpon` varchar(12) NOT NULL,
  PRIMARY KEY (`id_sekolah`),
  KEY `id_jenjang` (`id_jenjang`),
  CONSTRAINT `tb_sekolah_info_ibfk_1` FOREIGN KEY (`id_jenjang`) REFERENCES `tb_jenjang_sekolah` (`id_jenjang`)
) ENGINE=InnoDB AUTO_INCREMENT=2 DEFAULT CHARSET=latin1;
/*!40101 SET character_set_client = @saved_cs_client */;

--
-- Dumping data for table `tb_sekolah_info`
--

LOCK TABLES `tb_sekolah_info` WRITE;
/*!40000 ALTER TABLE `tb_sekolah_info` DISABLE KEYS */;
INSERT INTO `tb_sekolah_info` VALUES (1,'SMK N 2 DEPOK SLEMAN',3,'Jl. STM Pembangunan No.6A, Santren, Caturtunggal, Kec. Depok, Kabupaten Sleman, Daerah Istimewa Yogyakarta','smkn2depoksleman@sch.id','0274513515');
/*!40000 ALTER TABLE `tb_sekolah_info` ENABLE KEYS */;
UNLOCK TABLES;

--
-- Table structure for table `tb_siswa`
--

DROP TABLE IF EXISTS `tb_siswa`;
/*!40101 SET @saved_cs_client     = @@character_set_client */;
/*!40101 SET character_set_client = utf8 */;
CREATE TABLE `tb_siswa` (
  `nis` int(11) NOT NULL AUTO_INCREMENT,
  `nama` varchar(40) NOT NULL,
  `gender` enum('P','L') NOT NULL,
  `tanggal_lahir` date NOT NULL,
  `tempat_lahir` varchar(30) NOT NULL,
  `id_agama` int(2) unsigned zerofill NOT NULL,
  `foto` text NOT NULL,
  `id_rombel` int(11) NOT NULL,
  PRIMARY KEY (`nis`),
  UNIQUE KEY `nis` (`nis`),
  KEY `id_agama` (`id_agama`),
  KEY `id_rombel` (`id_rombel`),
  CONSTRAINT `tb_siswa_ibfk_1` FOREIGN KEY (`id_agama`) REFERENCES `tb_agama` (`id_agama`),
  CONSTRAINT `tb_siswa_ibfk_2` FOREIGN KEY (`id_rombel`) REFERENCES `tb_rombel` (`id_rombel`)
) ENGINE=InnoDB AUTO_INCREMENT=44124124 DEFAULT CHARSET=latin1;
/*!40101 SET character_set_client = @saved_cs_client */;

--
-- Dumping data for table `tb_siswa`
--

LOCK TABLES `tb_siswa` WRITE;
/*!40000 ALTER TABLE `tb_siswa` DISABLE KEYS */;
INSERT INTO `tb_siswa` VALUES (10009,'Siswa TOI1B 1','L','2004-04-05','Kediri',01,'\r\n',66),(10010,'Siswa TOI1B 2','L','2004-01-14','Stockholm',04,'',66),(10011,'Siswi TOI1B 3','P','2003-07-11','Makassar',01,'',66),(10109,'Siswa TO1IA 1','L','2004-04-05','Kediri',01,'\r\n',65),(10110,'Siswa TOI1A 2','L','2004-01-14','Stockholm',04,'',65),(10111,'Siswi TOI1A 3','P','2003-07-11','Makassar',01,'',65),(10209,'Siswa KA4B 1','L','2004-04-05','Kediri',01,'\r\n',64),(10210,'Siswa KA4B 2','L','2004-01-14','Stockholm',04,'',64),(10211,'Siswi KA4B 3','P','2003-07-11','Makassar',01,'',64),(10309,'Siswa KA4A 1','L','2004-04-05','Kediri',01,'\r\n',63),(10310,'Siswa KA4A 2','L','2004-01-14','Stockholm',04,'',63),(10311,'Siswi KA4A 3','P','2003-07-11','Makassar',01,'',63),(10409,'Siswa KA3B 1','L','2004-04-05','Kediri',01,'\r\n',62),(10410,'Siswa KA3B 2','L','2004-01-14','Stockholm',04,'',62),(10411,'Siswi KA3B 3','P','2003-07-11','Makassar',01,'',62),(10509,'Siswa KA3A 1','L','2004-04-05','Kediri',01,'',61),(10510,'Siswa KA3A 2','L','2004-01-14','Stockholm',04,'',61),(10511,'Siswi KA3A 3','P','2003-07-11','Makassar',01,'',61),(10609,'Siswa KA2B 1','L','2004-04-05','Kediri',01,'\r\n',60),(10610,'Siswa KA2B 2','L','2004-01-14','Stockholm',04,'',60),(10611,'Siswi KA2B 3','P','2003-07-11','Makassar',01,'',60),(10709,'Siswa KA2A 1','L','2004-04-05','Kediri',01,'\r\n',59),(10710,'Siswa KA2A 2','L','2004-01-14','Stockholm',04,'',59),(10711,'Siswi KA2A 3','P','2003-07-11','Makassar',01,'',59),(10809,'Siswa KA1B 1','L','2004-04-05','Kediri',01,'\r\n',58),(10810,'Siswa KA1B 2','L','2004-01-14','Stockholm',04,'',58),(10811,'Siswi KA1B 3','P','2003-07-11','Makassar',01,'',58),(10909,'Siswa KA1A 1','L','2004-04-05','Kediri',01,'\r\n',57),(10910,'Siswa KA1A 2','L','2004-01-14','Stockholm',04,'',57),(10911,'Siswi KA1A 3','P','2003-07-11','Makassar',01,'',57),(11009,'Siswa KI4B 1','L','2004-04-05','Kediri',01,'\r\n',56),(11010,'Siswa KI4B 2','L','2004-01-14','Stockholm',04,'',56),(11011,'Siswi KI4B 3','P','2003-07-11','Makassar',01,'',56),(11109,'Siswa KI4A 1','L','2004-04-05','Kediri',01,'\r\n',55),(11110,'Siswa KI4A 2','L','2004-01-14','Stockholm',04,'',55),(11111,'Siswi KI4A 3','P','2003-07-11','Makassar',01,'',55),(11209,'Siswa KI3B 1','L','2004-04-05','Kediri',01,'\r\n',54),(11210,'Siswa KI3B 2','L','2004-01-14','Stockholm',04,'',54),(11211,'Siswi KI3B 3','P','2003-07-11','Makassar',01,'',54),(11309,'Siswa KI3A 1','L','2004-04-05','Kediri',01,'\r\n',53),(11310,'Siswa KI3A 2','L','2004-01-14','Stockholm',04,'',53),(11311,'Siswi KI3A 3','P','2003-07-11','Makassar',01,'',53),(11409,'Siswa KI2B 1','L','2004-04-05','Kediri',01,'\r\n',52),(11410,'Siswa KI2B 2','L','2004-01-14','Stockholm',04,'',52),(11411,'Siswi KI2B 3','P','2003-07-11','Makassar',01,'',52),(11509,'Siswa KI2A 1','L','2004-04-05','Kediri',01,'',51),(11510,'Siswa KI2A 2','L','2004-01-14','Stockholm',04,'',51),(11511,'Siswi KI2A 3','P','2003-07-11','Makassar',01,'',51),(11609,'Siswa KI1B 1','L','2004-04-05','Kediri',01,'\r\n',50),(11610,'Siswa KI1B 2','L','2004-01-14','Stockholm',04,'',50),(11611,'Siswi KI1B 3','P','2003-07-11','Makassar',01,'',50),(11709,'Siswa KI1A 1','L','2004-04-05','Kediri',01,'\r\n',49),(11710,'Siswa KI1A 2','L','2004-01-14','Stockholm',04,'',49),(11711,'Siswi KI1A 3','P','2003-07-11','Makassar',01,'',49),(11809,'Siswa GP4B 1','L','2004-04-05','Kediri',01,'\r\n',48),(11810,'Siswa GP4B 2','L','2004-01-14','Stockholm',04,'',48),(11811,'Siswi GP4B 3','P','2003-07-11','Makassar',01,'',48),(11909,'Siswa GP4A 1','L','2004-04-05','Kediri',01,'\r\n',47),(11910,'Siswa GP4A 2','L','2004-01-14','Stockholm',04,'',47),(11911,'Siswi GP4A 3','P','2003-07-11','Makassar',01,'',47),(12009,'Siswa GP3B 1','L','2004-04-05','Kediri',01,'\r\n',46),(12010,'Siswa GP3B 2','L','2004-01-14','Stockholm',04,'',46),(12011,'Siswi GP3B 3','P','2003-07-11','Makassar',01,'',46),(12109,'Siswa GP3A 1','L','2004-04-05','Kediri',01,'\r\n',45),(12110,'Siswa GP3A 2','L','2004-01-14','Stockholm',04,'',45),(12111,'Siswi GP3A 3','P','2003-07-11','Makassar',01,'',45),(12209,'Siswa GP2B 1','L','2004-04-05','Kediri',01,'\r\n',44),(12210,'Siswa GP2B 2','L','2004-01-14','Stockholm',04,'',44),(12211,'Siswi GP2B 3','P','2003-07-11','Makassar',01,'',44),(12309,'Siswa GP2A 1','L','2004-04-05','Kediri',01,'\r\n',43),(12310,'Siswa GP2A 2','L','2004-01-14','Stockholm',04,'',43),(12311,'Siswi GP2A 3','P','2003-07-11','Makassar',01,'',43),(12409,'Siswa GP1B 1','L','2004-04-05','Kediri',01,'\r\n',42),(12410,'Siswa GP1B 2','L','2004-01-14','Stockholm',04,'',42),(12411,'Siswi GP1B 3','P','2003-07-11','Makassar',01,'',42),(12509,'Siswa GP1A 1','L','2004-04-05','Kediri',01,'',41),(12510,'Siswa GP1A 2','L','2004-01-14','Stockholm',04,'',41),(12511,'Siswi GP1A 3','P','2003-07-11','Makassar',01,'',41),(12709,'Siswa TKJ4A 1','L','2004-04-05','Kediri',01,'\r\n',39),(12710,'Siswa TKJ4A 2','L','2004-01-14','Stockholm',04,'',39),(12711,'Siswi TKJ4A 3','P','2003-07-11','Makassar',01,'',39),(12809,'Siswa TKJ3B 1','L','2004-04-05','Kediri',01,'\r\n',38),(12810,'Siswa TKJ3B 2','L','2004-01-14','Stockholm',04,'',38),(12811,'Siswi TKJ3B 3','P','2003-07-11','Makassar',01,'',38),(12909,'Siswa TKJ3A 1','L','2004-04-05','Kediri',01,'\r\n',37),(12910,'Siswa TKJ3A 2','L','2004-01-14','Stockholm',04,'',37),(12911,'Siswi TKJ3A 3','P','2003-07-11','Makassar',01,'',37),(13009,'Siswa TKJ2B 1','L','2004-04-05','Kediri',01,'\r\n',36),(13010,'Siswa TKJ2B 2','L','2004-01-14','Stockholm',04,'',36),(13011,'Siswi TKJ2B 3','P','2003-07-11','Makassar',01,'',36),(13109,'Siswa TKJ2A 1','L','2004-04-05','Kediri',01,'\r\n',35),(13110,'Siswa TKJ2A 2','L','2004-01-14','Stockholm',04,'',35),(13111,'Siswi TKJ2A 3','P','2003-07-11','Makassar',01,'',35),(13209,'Siswa TKJ1B 1','L','2004-04-05','Kediri',01,'\r\n',34),(13210,'Siswa TKJ1B 2','L','2004-01-14','Stockholm',04,'',34),(13211,'Siswi TKJ1B 3','P','2003-07-11','Makassar',01,'',34),(13309,'Siswa TKJ1A 1','L','2004-04-05','Kediri',01,'\r\n',33),(13310,'Siswa TKJ1A 2','L','2004-01-14','Stockholm',04,'',33),(13311,'Siswi TKJ1A 3','P','2003-07-11','Makassar',01,'',33),(13409,'Siswa TGB4B 1','L','2004-04-05','Kediri',01,'\r\n',32),(13410,'Siswa TGB4B 2','L','2004-01-14','Stockholm',04,'',32),(13411,'Siswi TGB4B 3','P','2003-07-11','Makassar',01,'',32),(13509,'Siswa TGB4A 1','L','2004-04-05','Kediri',01,'',31),(13510,'Siswa TGB4A 2','L','2004-01-14','Stockholm',04,'',31),(13511,'Siswi TGB4A 3','P','2003-07-11','Makassar',01,'',31),(13609,'Siswa TGB3B 1','L','2004-04-05','Kediri',01,'\r\n',30),(13610,'Siswa TGB3B 2','L','2004-01-14','Stockholm',04,'',30),(13611,'Siswi TGB3B 3','P','2003-07-11','Makassar',01,'',30),(13709,'Siswa TGB3A 1','L','2004-04-05','Kediri',01,'\r\n',29),(13710,'Siswa TGB3A 2','L','2004-01-14','Stockholm',04,'',29),(13711,'Siswi TGB3A 3','P','2003-07-11','Makassar',01,'',29),(13809,'Siswa TGB2B 1','L','2004-04-05','Kediri',01,'\r\n',28),(13810,'Siswa TGB2B 2','L','2004-01-14','Stockholm',04,'',28),(13811,'Siswi TGB2B 3','P','2003-07-11','Makassar',01,'',28),(13909,'Siswa TGB2A 1','L','2004-04-05','Kediri',01,'\r\n',27),(13910,'Siswa TGB2A 2','L','2004-01-14','Stockholm',04,'',27),(13911,'Siswi TGB2A 3','P','2003-07-11','Makassar',01,'',27),(14009,'Siswa TGB1B 1','L','2004-04-05','Kediri',01,'\r\n',26),(14010,'Siswa TGB1B 2','L','2004-01-14','Stockholm',04,'',26),(14011,'Siswi TGB1B 3','P','2003-07-11','Makassar',01,'',26),(14109,'Siswa TGB1A 1','L','2004-04-05','Kediri',01,'\r\n',25),(14110,'Siswa TGB1A 2','L','2004-01-14','Stockholm',04,'',25),(14111,'Siswi TGB1A 3','P','2003-07-11','Makassar',01,'',25),(14209,'Siswa TP4B 1','L','2004-04-05','Kediri',01,'\r\n',24),(14210,'Siswa TP4B 2','L','2004-01-14','Stockholm',04,'',24),(14211,'Siswi TP4B 3','P','2003-07-11','Makassar',01,'',24),(14309,'Siswa TP4A 1','L','2004-04-05','Kediri',01,'\r\n',23),(14310,'Siswa TP4A 2','L','2004-01-14','Stockholm',04,'',23),(14311,'Siswi TP4A 3','P','2003-07-11','Makassar',01,'',23),(14409,'Siswa TP3B 1','L','2004-04-05','Kediri',01,'\r\n',22),(14410,'Siswa TP3B 2','L','2004-01-14','Stockholm',04,'',22),(14411,'Siswi TP3B 3','P','2003-07-11','Makassar',01,'',22),(14509,'Siswa TP3A 1','L','2004-04-05','Kediri',01,'',21),(14510,'Siswa TP3A 2','L','2004-01-14','Stockholm',04,'',21),(14511,'Siswi TP3A 3','P','2003-07-11','Makassar',01,'',21),(14609,'Siswa TP2B 1','L','2004-04-05','Kediri',01,'\r\n',20),(14610,'Siswa TP2B 2','L','2004-01-14','Stockholm',04,'',20),(14611,'Siswi TP2B 3','P','2003-07-11','Makassar',01,'',20),(14709,'Siswa TP2A 1','L','2004-04-05','Kediri',01,'\r\n',19),(14710,'Siswa TP2A 2','L','2004-01-14','Stockholm',04,'',19),(14711,'Siswi TP2A 3','P','2003-07-11','Makassar',01,'',19),(14809,'Siswa TP1B 1','L','2004-04-05','Kediri',01,'\r\n',18),(14810,'Siswa TP1B 2','L','2004-01-14','Stockholm',04,'',18),(14811,'Siswi TP1B 3','P','2003-07-11','Makassar',01,'',18),(14909,'Siswa TP1A 1','L','2004-04-05','Kediri',01,'\r\n',17),(14910,'Siswa TP1A 2','L','2004-01-14','Stockholm',04,'',17),(14911,'Siswi TP1A 3','P','2003-07-11','Makassar',01,'',17),(15909,'Siswa TAV4B 1','L','2004-04-05','Kediri',01,'\r\n',8),(15910,'Siswa TAV4B 2','L','2004-01-14','Stockholm',04,'',8),(15911,'Siswi TAV4B 3','P','2003-07-11','Makassar',01,'',8),(16009,'Siswa TAV4A 1','L','2004-04-05','Kediri',01,'\r\n',7),(16010,'Siswa TAV4A 2','L','2004-01-14','Stockholm',04,'',7),(16011,'Siswi TAV4A 3','P','2003-07-11','Makassar',01,'',7),(16109,'Siswa TAV3B 1','L','2004-04-05','Kediri',01,'\r\n',6),(16110,'Siswa TAV3B 2','L','2004-01-14','Stockholm',04,'',6),(16111,'Siswi TAV3B 3','P','2003-07-11','Makassar',01,'',6),(16209,'Siswa TAV3A 1','L','2004-04-05','Kediri',01,'\r\n',5),(16210,'Siswa TAV3A 2','L','2004-01-14','Stockholm',04,'',5),(16211,'Siswi TAV3A 3','P','2003-07-11','Makassar',01,'',5),(16409,'Siswa TAV2B 1','L','2004-04-05','Kediri',01,'\r\n',4),(16410,'Siswa TAV2B 2','L','2004-01-14','Stockholm',04,'',4),(16411,'Siswi TAV1B 3','P','2003-07-11','Makassar',01,'',4),(16451,'M. Arief Ardy Irawan','L','2001-07-12','Timika',01,'',40),(16452,'Maria Oky Perwita Sari','P','2000-10-07','Sleman',03,'',40),(16453,'Masudin Nur Hidayat','L','2000-11-26','Sleman',01,'',40),(16454,'Meyta Rizki Nugraheni','P','2001-05-17','Bantul',01,'',40),(16455,'Muhammad Alza Gustara','L','2000-01-06','Sleman',01,'',40),(16456,'Muhammad Fahru Rozi','L','2001-06-11','Sleman',01,'',40),(16457,'Muhammad Ilham Pratama','L','2001-01-06','Sleman',01,'',40),(16458,'Muhammad Iqbal Arya P','L','2001-06-19','Yogyakarta',01,'',40),(16459,'Muhammad Nashif Firdaus','L','2000-11-05','Kebumen',01,'',40),(16460,'Muhammad Nur Cahyo','L','2001-05-06','Surabaya',01,'',40),(16461,'Muhammad Rafli','L','2001-01-15','Tarakan',01,'',40),(16462,'Muhammad Rafli Shalehudin','L','2001-03-31','Sleman',01,'',40),(16463,'Nathanael Hansen','L','2001-11-08','Bandung',02,'',40),(16464,'Nur Alif Ilyasa','L','2000-11-26','Gunung Kidul',01,'',40),(16465,'Nur Cholis','L','2000-10-20','Bantul',01,'',40),(16466,'Paksi Hansel Arya Putra','L','2001-06-29','Yogyakarta',01,'',40),(16467,'Panji Yudha Tama','L','2001-01-24','Magelang',01,'',40),(16468,'Prasetyo Restu Nugroho','L','2000-11-12','Bantul',01,'',40),(16469,'Rades Naufal Al Ghani','L','2000-12-08','Karanganyar',01,'',40),(16470,'Raihan Rahardyan Wibowo S','L','2001-02-02','Yogyakarta',01,'',40),(16471,'Restu Budi Trapsila','L','2000-12-29','Sleman',01,'',40),(16472,'Rezy Tijo Waskito','L','2002-01-01','Sleman',01,'',40),(16473,'Rizki Violin Radiyan','P','2000-09-04','Sleman',01,'',40),(16474,'Rizky Kurniawan Putra','L','2002-01-14','Sleman',01,'',40),(16475,'Rohana Sri Istiningsih','P','2000-10-11','Sleman',01,'',40),(16476,'Salma Faiqah Anggraeni','P','2001-06-02','Yogyakarta',01,'',40),(16477,'Satya Adhiyaksa Ardy','L','2001-04-11','Sleman',01,'',40),(16478,'Tri Tutur Prawesti','P','2000-10-11','Sleman',01,'',40),(16479,'Wahyu Candra','L','2001-08-26','Sleman',01,'',40),(16480,'Widya Ardiyanto','L','2001-10-06','Bantul',01,'',40),(16481,'Yonga Eky Ramadhan','L','2000-12-14','Sleman',01,'',40),(16482,'Yuni Astuti','P','2001-06-22','Sleman',01,'',40),(16609,'Siswa TAV2A 1','L','2004-04-05','Kediri',01,'\r\n',3),(16610,'Siswa TAV2A 2','L','2004-01-14','Stockholm',04,'',3),(16711,'Siswi TAV2A 3','P','2003-07-11','Makassar',01,'',3),(16809,'Siswa TAV1B 1','L','2004-04-05','Sleman',02,'\r\n',2),(16810,'Siswa TAV1B 2','L','2004-01-14','Texas',03,'',2),(16811,'Siswi TAV1B 3','P','2003-07-11','Ulan Bator',03,'',2),(16909,'Budi Simpati','L','2004-04-05','Sleman',02,'\r\n',1),(16910,'Asep Galon','L','2004-01-14','Malibu',03,'',1),(16911,'Yanti Pulsa','P','2003-07-11','Wuhan',03,'',1),(17009,'Siswa TPMP2B 1','L','2004-04-05','Kediri',01,'\r\n',76),(17010,'Siswa TPMP2B 2','L','2004-01-14','Stockholm',04,'',76),(17011,'Siswi TPMP2B 3','P','2003-07-11','Makassar',01,'',76),(17109,'Siswa TPMP2A 1','L','2004-04-05','Kediri',01,'\r\n',75),(17110,'Siswa TPMP2A 2','L','2004-01-14','Stockholm',04,'',75),(17111,'Siswi TPMP2A 3','P','2003-07-11','Makassar',01,'',75),(17209,'Siswa TPMP1B 1','L','2004-04-05','Kediri',01,'\r\n',74),(17210,'Siswa TPMP1B 2','L','2004-01-14','Stockholm',04,'',74),(17211,'Siswi TPMP1B 3','P','2003-07-11','Makassar',01,'',74),(17309,'Siswa TPMP1A 1','L','2004-04-05','Kediri',01,'\r\n',73),(17310,'Siswa TPMP1A 2','L','2004-01-14','Stockholm',04,'',73),(17311,'Siswi TPMP1A 3','P','2003-07-11','Makassar',01,'',73),(17409,'Siswa TOI4B 1','L','2004-04-05','Kediri',01,'\r\n',72),(17410,'Siswa TOI4B 2','L','2004-01-14','Stockholm',04,'',72),(17411,'Siswi TOI4B 3','P','2003-07-11','Makassar',01,'',72),(17509,'Siswa TOI4A 1','L','2004-04-05','Kediri',01,'',71),(17510,'Siswa TOI4A 2','L','2004-01-14','Stockholm',04,'',71),(17511,'Siswi TOI4A 3','P','2003-07-11','Makassar',01,'',71),(17609,'Siswa TOI3B 1','L','2004-04-05','Kediri',01,'\r\n',70),(17610,'Siswa TOI3B 2','L','2004-01-14','Stockholm',04,'',70),(17611,'Siswi TOI3B 3','P','2003-07-11','Makassar',01,'',70),(17709,'Siswa TOI3A 1','L','2004-04-05','Kediri',01,'\r\n',69),(17710,'Siswa TOI3A 2','L','2004-01-14','Stockholm',04,'',69),(17711,'Siswi TOI3A 3','P','2003-07-11','Makassar',01,'',69),(17809,'Siswa TOI2B 1','L','2004-04-05','Kediri',01,'\r\n',68),(17810,'Siswa TOI2B 2','L','2004-01-14','Stockholm',04,'',68),(17811,'Siswi TOI2B 3','P','2003-07-11','Makassar',01,'',68),(17909,'Siswa TOI2A 1','L','2004-04-05','Kediri',01,'\r\n',67),(17910,'Siswa TOI2A 2','L','2004-01-14','Stockholm',04,'',67),(17911,'Siswi TOI2A 3','P','2003-07-11','Makassar',01,'',67),(18609,'Siswa TPMP4B 1','L','2004-04-05','Kediri',01,'\r\n',80),(18610,'Siswa TPMP4B 2','L','2004-01-14','Stockholm',04,'',80),(18611,'Siswi TPMP4B 3','P','2003-07-11','Makassar',01,'',80),(18709,'Siswa TPMP4A 1','L','2004-04-05','Kediri',01,'\r\n',79),(18710,'Siswa TPMP4A 2','L','2004-01-14','Stockholm',04,'',79),(18711,'Siswi TPMP4A 3','P','2003-07-11','Makassar',01,'',79),(18809,'Siswa TPMP3B 1','L','2004-04-05','Kediri',01,'\r\n',78),(18810,'Siswa TPMP3B 2','L','2004-01-14','Stockholm',04,'',78),(18811,'Siswi TPMP3B 3','P','2003-07-11','Makassar',01,'',78),(18909,'Siswa TPMP3A 1','L','2004-04-05','Kediri',01,'\r\n',77),(18910,'Siswa TPMP3A 2','L','2004-01-14','Stockholm',04,'',77),(18911,'Siswi TPMP3A 3','P','2003-07-11','Makassar',01,'',77),(132435,'sfdgdhfgfj','L','2001-06-02','rtehf',01,'',6),(325315,'fasaf','P','2001-11-03','fwf',01,'',1),(2154125,'bdfhbf','P','2001-11-02','fwf',02,'',2),(4213546,'dafgdhg','L','2001-06-03','fwgerhrj',02,'',6),(44124123,'fsdgdbgd','L','2001-11-01','fwf',01,'',1);
/*!40000 ALTER TABLE `tb_siswa` ENABLE KEYS */;
UNLOCK TABLES;

--
-- Table structure for table `tb_tahun_ajaran`
--

DROP TABLE IF EXISTS `tb_tahun_ajaran`;
/*!40101 SET @saved_cs_client     = @@character_set_client */;
/*!40101 SET character_set_client = utf8 */;
CREATE TABLE `tb_tahun_ajaran` (
  `id_tahun_ajaran` int(11) NOT NULL AUTO_INCREMENT,
  `tahun_ajaran` varchar(10) NOT NULL,
  `is_aktif` enum('y','n') NOT NULL,
  `semester_aktif` int(11) NOT NULL,
  PRIMARY KEY (`id_tahun_ajaran`)
) ENGINE=InnoDB AUTO_INCREMENT=14 DEFAULT CHARSET=latin1;
/*!40101 SET character_set_client = @saved_cs_client */;

--
-- Dumping data for table `tb_tahun_ajaran`
--

LOCK TABLES `tb_tahun_ajaran` WRITE;
/*!40000 ALTER TABLE `tb_tahun_ajaran` DISABLE KEYS */;
INSERT INTO `tb_tahun_ajaran` VALUES (1,'2019/2020','y',2),(2,'2019/2020','n',1),(7,'2001/2002','n',1),(9,'2008/2009','n',2),(10,'2008/2009','n',1),(13,'2020/2021','n',1);
/*!40000 ALTER TABLE `tb_tahun_ajaran` ENABLE KEYS */;
UNLOCK TABLES;

--
-- Table structure for table `tb_user`
--

DROP TABLE IF EXISTS `tb_user`;
/*!40101 SET @saved_cs_client     = @@character_set_client */;
/*!40101 SET character_set_client = utf8 */;
CREATE TABLE `tb_user` (
  `id_user` int(11) NOT NULL AUTO_INCREMENT,
  `nama_lengkap` varchar(50) NOT NULL,
  `username` varchar(40) NOT NULL,
  `password` varchar(32) NOT NULL,
  `id_level_user` int(11) NOT NULL,
  `foto` text NOT NULL,
  PRIMARY KEY (`id_user`),
  KEY `id_level_user` (`id_level_user`),
  CONSTRAINT `tb_user_ibfk_1` FOREIGN KEY (`id_level_user`) REFERENCES `tb_level_user` (`id_level_user`)
) ENGINE=InnoDB AUTO_INCREMENT=41 DEFAULT CHARSET=latin1;
/*!40101 SET character_set_client = @saved_cs_client */;

--
-- Dumping data for table `tb_user`
--

LOCK TABLES `tb_user` WRITE;
/*!40000 ALTER TABLE `tb_user` DISABLE KEYS */;
INSERT INTO `tb_user` VALUES (1,'admin','admin','e10adc3949ba59abbe56e057f20f883e',1,'yellow6.png'),(16,'siswa','siswa','e10adc3949ba59abbe56e057f20f883e',1,'yellow2.png'),(33,'siswauser','siswauser','e10adc3949ba59abbe56e057f20f883e',1,'yellow3.png'),(34,'user','user1','e10adc3949ba59abbe56e057f20f883e',1,'yellow4.png'),(37,'tessiswa','tessiswa','e10adc3949ba59abbe56e057f20f883e',1,'yellow5.png'),(40,'testing','test','e10adc3949ba59abbe56e057f20f883e',1,'yellow1.png');
/*!40000 ALTER TABLE `tb_user` ENABLE KEYS */;
UNLOCK TABLES;

--
-- Table structure for table `tb_user_rule`
--

DROP TABLE IF EXISTS `tb_user_rule`;
/*!40101 SET @saved_cs_client     = @@character_set_client */;
/*!40101 SET character_set_client = utf8 */;
CREATE TABLE `tb_user_rule` (
  `id_user_rule` int(11) NOT NULL AUTO_INCREMENT,
  `id_menu` int(11) NOT NULL,
  `id_level_user` int(11) NOT NULL,
  PRIMARY KEY (`id_user_rule`),
  KEY `id_menu` (`id_menu`),
  KEY `id_level_user` (`id_level_user`),
  CONSTRAINT `tb_user_rule_ibfk_1` FOREIGN KEY (`id_menu`) REFERENCES `tb_menu` (`id_menu`),
  CONSTRAINT `tb_user_rule_ibfk_2` FOREIGN KEY (`id_level_user`) REFERENCES `tb_level_user` (`id_level_user`)
) ENGINE=InnoDB AUTO_INCREMENT=157 DEFAULT CHARSET=latin1;
/*!40101 SET character_set_client = @saved_cs_client */;

--
-- Dumping data for table `tb_user_rule`
--

LOCK TABLES `tb_user_rule` WRITE;
/*!40000 ALTER TABLE `tb_user_rule` DISABLE KEYS */;
INSERT INTO `tb_user_rule` VALUES (20,2,1),(22,4,1),(23,10,1),(25,12,1),(26,13,1),(27,14,1),(28,15,1),(29,16,1),(30,17,1),(31,18,1),(34,30,1),(35,11,1),(53,22,1),(54,19,1),(59,32,1),(61,1,1),(63,33,1),(64,34,1),(65,35,1),(74,36,1),(75,37,1),(76,38,1),(77,39,1),(78,40,1),(79,41,1),(80,42,1),(81,43,1),(82,44,1),(83,45,1),(84,46,1),(85,47,1),(86,48,1),(87,49,1),(88,50,1),(89,51,1),(90,52,1),(91,53,1),(92,54,1),(93,55,1),(94,56,1),(95,57,1),(96,58,1),(97,59,1),(98,60,1),(99,61,1),(100,62,1),(101,63,1),(102,64,1),(103,65,1),(104,66,1),(106,1,3),(107,2,3),(108,3,3),(109,4,3),(110,12,3),(111,10,3),(112,11,3),(113,14,3),(114,15,3),(115,13,3),(116,18,3),(117,16,3),(118,67,1),(119,67,3),(124,19,3),(125,22,3),(126,68,3),(132,68,1),(133,69,1),(134,70,1),(135,71,1),(136,72,1),(137,73,1),(138,74,1),(141,1,5),(142,2,5),(143,3,5),(144,4,5),(145,15,5),(146,14,5),(147,13,5),(148,12,5),(149,11,5),(150,10,5),(151,18,5),(152,22,5),(154,3,1),(156,32,3);
/*!40000 ALTER TABLE `tb_user_rule` ENABLE KEYS */;
UNLOCK TABLES;

--
-- Table structure for table `tb_walikelas`
--

DROP TABLE IF EXISTS `tb_walikelas`;
/*!40101 SET @saved_cs_client     = @@character_set_client */;
/*!40101 SET character_set_client = utf8 */;
CREATE TABLE `tb_walikelas` (
  `id_walikelas` int(11) NOT NULL AUTO_INCREMENT,
  `id_guru` int(11) NOT NULL,
  `id_tahun_ajaran` int(11) NOT NULL,
  `id_rombel` int(11) NOT NULL,
  PRIMARY KEY (`id_walikelas`),
  KEY `id_guru` (`id_guru`),
  KEY `id_tahun_ajaran` (`id_tahun_ajaran`),
  KEY `id_rombel` (`id_rombel`),
  CONSTRAINT `tb_walikelas_ibfk_1` FOREIGN KEY (`id_guru`) REFERENCES `tb_guru` (`id_guru`),
  CONSTRAINT `tb_walikelas_ibfk_2` FOREIGN KEY (`id_tahun_ajaran`) REFERENCES `tb_tahun_ajaran` (`id_tahun_ajaran`),
  CONSTRAINT `tb_walikelas_ibfk_3` FOREIGN KEY (`id_rombel`) REFERENCES `tb_rombel` (`id_rombel`)
) ENGINE=InnoDB AUTO_INCREMENT=173 DEFAULT CHARSET=latin1;
/*!40101 SET character_set_client = @saved_cs_client */;

--
-- Dumping data for table `tb_walikelas`
--

LOCK TABLES `tb_walikelas` WRITE;
/*!40000 ALTER TABLE `tb_walikelas` DISABLE KEYS */;
INSERT INTO `tb_walikelas` VALUES (3,1,1,1),(4,2,1,3),(5,3,1,5),(6,4,1,7),(7,5,1,2),(8,6,1,4),(9,7,1,6),(10,8,1,8),(11,9,1,25),(12,10,1,27),(13,11,1,29),(14,12,1,31),(15,13,1,26),(16,14,1,28),(17,15,1,30),(18,16,1,32),(19,17,1,17),(20,18,1,19),(21,19,1,21),(22,20,1,23),(23,21,1,18),(24,22,1,20),(25,23,1,22),(26,24,1,24),(27,25,1,33),(28,26,1,35),(29,27,1,37),(30,28,1,39),(31,29,1,34),(32,30,1,36),(33,31,1,38),(34,32,1,40),(35,81,1,41),(36,34,1,43),(37,35,1,45),(38,36,1,47),(39,37,1,42),(40,38,1,44),(41,39,1,46),(42,40,1,48),(43,41,1,49),(44,42,1,51),(45,43,1,53),(46,44,1,55),(47,45,1,50),(48,46,1,52),(49,47,1,54),(50,48,1,56),(51,49,1,57),(52,50,1,59),(53,51,1,61),(54,52,1,63),(55,53,1,58),(56,54,1,60),(57,55,1,62),(58,56,1,64),(59,57,1,65),(60,58,1,67),(61,59,1,69),(62,60,1,71),(63,61,1,66),(64,62,1,68),(65,63,1,70),(66,64,1,72),(67,65,1,73),(68,66,1,75),(69,67,1,77),(70,68,1,79),(71,69,1,74),(72,70,1,76),(73,71,1,78),(74,72,1,80),(75,73,1,81),(76,74,1,83),(77,75,1,85),(78,76,1,87),(79,77,1,82),(80,78,1,84),(81,79,1,86),(82,80,1,88),(83,2,13,1),(84,2,13,2),(85,2,13,3),(86,2,13,4),(87,2,13,5),(88,2,13,6),(89,2,13,7),(90,2,13,8),(91,2,13,9),(92,2,13,10),(93,2,13,11),(94,2,13,12),(95,2,13,13),(96,2,13,14),(97,2,13,15),(98,2,13,16),(99,2,13,17),(100,2,13,18),(101,2,13,19),(102,2,13,20),(103,2,13,21),(104,2,13,22),(105,2,13,23),(106,2,13,24),(107,2,13,25),(108,2,13,26),(109,2,13,27),(110,2,13,28),(111,2,13,29),(112,2,13,30),(113,2,13,31),(114,2,13,32),(115,2,13,33),(116,2,13,34),(117,2,13,35),(118,2,13,36),(119,2,13,37),(120,2,13,38),(121,2,13,39),(122,2,13,40),(123,2,13,41),(124,2,13,42),(125,2,13,43),(126,2,13,44),(127,2,13,45),(128,2,13,46),(129,2,13,47),(130,2,13,48),(131,2,13,49),(132,2,13,50),(133,2,13,51),(134,2,13,52),(135,2,13,53),(136,2,13,54),(137,2,13,55),(138,2,13,56),(139,2,13,57),(140,2,13,58),(141,2,13,59),(142,2,13,60),(143,2,13,61),(144,2,13,62),(145,2,13,63),(146,2,13,64),(147,2,13,65),(148,2,13,66),(149,2,13,67),(150,2,13,68),(151,2,13,69),(152,2,13,70),(153,2,13,71),(154,2,13,72),(155,2,13,73),(156,2,13,74),(157,2,13,75),(158,2,13,76),(159,2,13,77),(160,2,13,78),(161,2,13,79),(162,2,13,80),(163,2,13,81),(164,2,13,82),(165,2,13,83),(166,2,13,84),(167,2,13,85),(168,2,13,86),(169,2,13,87),(170,2,13,88),(171,1,1,1),(172,32,1,2);
/*!40000 ALTER TABLE `tb_walikelas` ENABLE KEYS */;
UNLOCK TABLES;

--
-- Temporary table structure for view `v_jurusan_raport`
--

DROP TABLE IF EXISTS `v_jurusan_raport`;
/*!50001 DROP VIEW IF EXISTS `v_jurusan_raport`*/;
SET @saved_cs_client     = @@character_set_client;
SET character_set_client = utf8;
/*!50001 CREATE TABLE `v_jurusan_raport` (
  `id_jurusan` tinyint NOT NULL,
  `nama_jurusan` tinyint NOT NULL,
  `kelas` tinyint NOT NULL,
  `nama_rombel` tinyint NOT NULL,
  `id_rombel` tinyint NOT NULL
) ENGINE=MyISAM */;
SET character_set_client = @saved_cs_client;

--
-- Temporary table structure for view `v_jurusan_rombel`
--

DROP TABLE IF EXISTS `v_jurusan_rombel`;
/*!50001 DROP VIEW IF EXISTS `v_jurusan_rombel`*/;
SET @saved_cs_client     = @@character_set_client;
SET character_set_client = utf8;
/*!50001 CREATE TABLE `v_jurusan_rombel` (
  `id_jurusan` tinyint NOT NULL,
  `nama_jurusan` tinyint NOT NULL,
  `nama_rombel` tinyint NOT NULL,
  `id_rombel` tinyint NOT NULL
) ENGINE=MyISAM */;
SET character_set_client = @saved_cs_client;

--
-- Temporary table structure for view `v_kelas_nilai`
--

DROP TABLE IF EXISTS `v_kelas_nilai`;
/*!50001 DROP VIEW IF EXISTS `v_kelas_nilai`*/;
SET @saved_cs_client     = @@character_set_client;
SET character_set_client = utf8;
/*!50001 CREATE TABLE `v_kelas_nilai` (
  `id_rombel` tinyint NOT NULL,
  `id_jadwal` tinyint NOT NULL,
  `nama_jurusan` tinyint NOT NULL,
  `kelas` tinyint NOT NULL,
  `nama_rombel` tinyint NOT NULL,
  `nama_mapel` tinyint NOT NULL,
  `jam` tinyint NOT NULL,
  `nama_ruangan` tinyint NOT NULL,
  `hari` tinyint NOT NULL,
  `semester` tinyint NOT NULL
) ENGINE=MyISAM */;
SET character_set_client = @saved_cs_client;

--
-- Temporary table structure for view `v_master_rombel`
--

DROP TABLE IF EXISTS `v_master_rombel`;
/*!50001 DROP VIEW IF EXISTS `v_master_rombel`*/;
SET @saved_cs_client     = @@character_set_client;
SET character_set_client = utf8;
/*!50001 CREATE TABLE `v_master_rombel` (
  `id_rombel` tinyint NOT NULL,
  `nama_rombel` tinyint NOT NULL,
  `kelas` tinyint NOT NULL,
  `id_jurusan` tinyint NOT NULL,
  `nama_jurusan` tinyint NOT NULL
) ENGINE=MyISAM */;
SET character_set_client = @saved_cs_client;

--
-- Temporary table structure for view `v_show_siswa`
--

DROP TABLE IF EXISTS `v_show_siswa`;
/*!50001 DROP VIEW IF EXISTS `v_show_siswa`*/;
SET @saved_cs_client     = @@character_set_client;
SET character_set_client = utf8;
/*!50001 CREATE TABLE `v_show_siswa` (
  `nis` tinyint NOT NULL,
  `nama` tinyint NOT NULL,
  `gender` tinyint NOT NULL,
  `tanggal_lahir` tinyint NOT NULL,
  `tempat_lahir` tinyint NOT NULL,
  `id_agama` tinyint NOT NULL,
  `foto` tinyint NOT NULL,
  `id_rombel` tinyint NOT NULL,
  `nama_rombel` tinyint NOT NULL
) ENGINE=MyISAM */;
SET character_set_client = @saved_cs_client;

--
-- Temporary table structure for view `v_user`
--

DROP TABLE IF EXISTS `v_user`;
/*!50001 DROP VIEW IF EXISTS `v_user`*/;
SET @saved_cs_client     = @@character_set_client;
SET character_set_client = utf8;
/*!50001 CREATE TABLE `v_user` (
  `id_user` tinyint NOT NULL,
  `nama_lengkap` tinyint NOT NULL,
  `username` tinyint NOT NULL,
  `password` tinyint NOT NULL,
  `id_level_user` tinyint NOT NULL,
  `foto` tinyint NOT NULL,
  `nama_level` tinyint NOT NULL
) ENGINE=MyISAM */;
SET character_set_client = @saved_cs_client;

--
-- Temporary table structure for view `v_walikelas`
--

DROP TABLE IF EXISTS `v_walikelas`;
/*!50001 DROP VIEW IF EXISTS `v_walikelas`*/;
SET @saved_cs_client     = @@character_set_client;
SET character_set_client = utf8;
/*!50001 CREATE TABLE `v_walikelas` (
  `nama_guru` tinyint NOT NULL,
  `nama_rombel` tinyint NOT NULL,
  `id_walikelas` tinyint NOT NULL,
  `id_tahun_ajaran` tinyint NOT NULL,
  `nama_jurusan` tinyint NOT NULL,
  `kelas` tinyint NOT NULL,
  `tahun_ajaran` tinyint NOT NULL
) ENGINE=MyISAM */;
SET character_set_client = @saved_cs_client;

--
-- Final view structure for view `v_jurusan_raport`
--

/*!50001 DROP TABLE IF EXISTS `v_jurusan_raport`*/;
/*!50001 DROP VIEW IF EXISTS `v_jurusan_raport`*/;
/*!50001 SET @saved_cs_client          = @@character_set_client */;
/*!50001 SET @saved_cs_results         = @@character_set_results */;
/*!50001 SET @saved_col_connection     = @@collation_connection */;
/*!50001 SET character_set_client      = utf8mb4 */;
/*!50001 SET character_set_results     = utf8mb4 */;
/*!50001 SET collation_connection      = utf8mb4_general_ci */;
/*!50001 CREATE ALGORITHM=UNDEFINED */
/*!50013 DEFINER=`root`@`localhost` SQL SECURITY DEFINER */
/*!50001 VIEW `v_jurusan_raport` AS select `tj`.`id_jurusan` AS `id_jurusan`,`tj`.`nama_jurusan` AS `nama_jurusan`,`tr`.`kelas` AS `kelas`,`tr`.`nama_rombel` AS `nama_rombel`,`tr`.`id_rombel` AS `id_rombel` from (`tb_jurusan` `tj` left join `tb_rombel` `tr` on(`tr`.`id_jurusan` = `tj`.`id_jurusan`)) */;
/*!50001 SET character_set_client      = @saved_cs_client */;
/*!50001 SET character_set_results     = @saved_cs_results */;
/*!50001 SET collation_connection      = @saved_col_connection */;

--
-- Final view structure for view `v_jurusan_rombel`
--

/*!50001 DROP TABLE IF EXISTS `v_jurusan_rombel`*/;
/*!50001 DROP VIEW IF EXISTS `v_jurusan_rombel`*/;
/*!50001 SET @saved_cs_client          = @@character_set_client */;
/*!50001 SET @saved_cs_results         = @@character_set_results */;
/*!50001 SET @saved_col_connection     = @@collation_connection */;
/*!50001 SET character_set_client      = utf8mb4 */;
/*!50001 SET character_set_results     = utf8mb4 */;
/*!50001 SET collation_connection      = utf8mb4_general_ci */;
/*!50001 CREATE ALGORITHM=UNDEFINED */
/*!50013 DEFINER=`root`@`localhost` SQL SECURITY DEFINER */
/*!50001 VIEW `v_jurusan_rombel` AS select `tj`.`id_jurusan` AS `id_jurusan`,`tj`.`nama_jurusan` AS `nama_jurusan`,`tr`.`nama_rombel` AS `nama_rombel`,`tr`.`id_rombel` AS `id_rombel` from (`tb_jurusan` `tj` left join `tb_rombel` `tr` on(`tr`.`id_jurusan` = `tj`.`id_jurusan`)) */;
/*!50001 SET character_set_client      = @saved_cs_client */;
/*!50001 SET character_set_results     = @saved_cs_results */;
/*!50001 SET collation_connection      = @saved_col_connection */;

--
-- Final view structure for view `v_kelas_nilai`
--

/*!50001 DROP TABLE IF EXISTS `v_kelas_nilai`*/;
/*!50001 DROP VIEW IF EXISTS `v_kelas_nilai`*/;
/*!50001 SET @saved_cs_client          = @@character_set_client */;
/*!50001 SET @saved_cs_results         = @@character_set_results */;
/*!50001 SET @saved_col_connection     = @@collation_connection */;
/*!50001 SET character_set_client      = utf8mb4 */;
/*!50001 SET character_set_results     = utf8mb4 */;
/*!50001 SET collation_connection      = utf8mb4_general_ci */;
/*!50001 CREATE ALGORITHM=UNDEFINED */
/*!50013 DEFINER=`root`@`localhost` SQL SECURITY DEFINER */
/*!50001 VIEW `v_kelas_nilai` AS select `tj`.`id_rombel` AS `id_rombel`,`tj`.`id_jadwal` AS `id_jadwal`,`tjr`.`nama_jurusan` AS `nama_jurusan`,`tj`.`kelas` AS `kelas`,`trom`.`nama_rombel` AS `nama_rombel`,`tm`.`nama_mapel` AS `nama_mapel`,`tj`.`jam` AS `jam`,`tr`.`nama_ruangan` AS `nama_ruangan`,`tj`.`hari` AS `hari`,`tj`.`semester` AS `semester` from ((((`tb_jadwal` `tj` join `tb_jurusan` `tjr`) join `tb_ruangan` `tr`) join `tb_mapel` `tm`) join `tb_rombel` `trom`) where `tj`.`id_jurusan` = `tjr`.`id_jurusan` and `tj`.`id_mapel` = `tm`.`id_mapel` and `tj`.`id_ruangan` = `tr`.`id_ruangan` and `trom`.`id_rombel` = `tj`.`id_rombel` */;
/*!50001 SET character_set_client      = @saved_cs_client */;
/*!50001 SET character_set_results     = @saved_cs_results */;
/*!50001 SET collation_connection      = @saved_col_connection */;

--
-- Final view structure for view `v_master_rombel`
--

/*!50001 DROP TABLE IF EXISTS `v_master_rombel`*/;
/*!50001 DROP VIEW IF EXISTS `v_master_rombel`*/;
/*!50001 SET @saved_cs_client          = @@character_set_client */;
/*!50001 SET @saved_cs_results         = @@character_set_results */;
/*!50001 SET @saved_col_connection     = @@collation_connection */;
/*!50001 SET character_set_client      = utf8mb4 */;
/*!50001 SET character_set_results     = utf8mb4 */;
/*!50001 SET collation_connection      = utf8mb4_general_ci */;
/*!50001 CREATE ALGORITHM=UNDEFINED */
/*!50013 DEFINER=`root`@`localhost` SQL SECURITY DEFINER */
/*!50001 VIEW `v_master_rombel` AS select `tr`.`id_rombel` AS `id_rombel`,`tr`.`nama_rombel` AS `nama_rombel`,`tr`.`kelas` AS `kelas`,`tr`.`id_jurusan` AS `id_jurusan`,`tj`.`nama_jurusan` AS `nama_jurusan` from (`tb_rombel` `tr` join `tb_jurusan` `tj`) where `tj`.`id_jurusan` = `tr`.`id_jurusan` */;
/*!50001 SET character_set_client      = @saved_cs_client */;
/*!50001 SET character_set_results     = @saved_cs_results */;
/*!50001 SET collation_connection      = @saved_col_connection */;

--
-- Final view structure for view `v_show_siswa`
--

/*!50001 DROP TABLE IF EXISTS `v_show_siswa`*/;
/*!50001 DROP VIEW IF EXISTS `v_show_siswa`*/;
/*!50001 SET @saved_cs_client          = @@character_set_client */;
/*!50001 SET @saved_cs_results         = @@character_set_results */;
/*!50001 SET @saved_col_connection     = @@collation_connection */;
/*!50001 SET character_set_client      = utf8mb4 */;
/*!50001 SET character_set_results     = utf8mb4 */;
/*!50001 SET collation_connection      = utf8mb4_general_ci */;
/*!50001 CREATE ALGORITHM=UNDEFINED */
/*!50013 DEFINER=`root`@`localhost` SQL SECURITY DEFINER */
/*!50001 VIEW `v_show_siswa` AS select `ts`.`nis` AS `nis`,`ts`.`nama` AS `nama`,`ts`.`gender` AS `gender`,`ts`.`tanggal_lahir` AS `tanggal_lahir`,`ts`.`tempat_lahir` AS `tempat_lahir`,`ts`.`id_agama` AS `id_agama`,`ts`.`foto` AS `foto`,`ts`.`id_rombel` AS `id_rombel`,`tr`.`nama_rombel` AS `nama_rombel` from (`tb_siswa` `ts` left join `tb_rombel` `tr` on(`ts`.`id_rombel` = `tr`.`id_rombel`)) */;
/*!50001 SET character_set_client      = @saved_cs_client */;
/*!50001 SET character_set_results     = @saved_cs_results */;
/*!50001 SET collation_connection      = @saved_col_connection */;

--
-- Final view structure for view `v_user`
--

/*!50001 DROP TABLE IF EXISTS `v_user`*/;
/*!50001 DROP VIEW IF EXISTS `v_user`*/;
/*!50001 SET @saved_cs_client          = @@character_set_client */;
/*!50001 SET @saved_cs_results         = @@character_set_results */;
/*!50001 SET @saved_col_connection     = @@collation_connection */;
/*!50001 SET character_set_client      = utf8mb4 */;
/*!50001 SET character_set_results     = utf8mb4 */;
/*!50001 SET collation_connection      = utf8mb4_general_ci */;
/*!50001 CREATE ALGORITHM=UNDEFINED */
/*!50013 DEFINER=`root`@`localhost` SQL SECURITY DEFINER */
/*!50001 VIEW `v_user` AS select `tu`.`id_user` AS `id_user`,`tu`.`nama_lengkap` AS `nama_lengkap`,`tu`.`username` AS `username`,`tu`.`password` AS `password`,`tu`.`id_level_user` AS `id_level_user`,`tu`.`foto` AS `foto`,`tlu`.`nama_level` AS `nama_level` from (`tb_user` `tu` join `tb_level_user` `tlu`) where `tu`.`id_level_user` = `tlu`.`id_level_user` */;
/*!50001 SET character_set_client      = @saved_cs_client */;
/*!50001 SET character_set_results     = @saved_cs_results */;
/*!50001 SET collation_connection      = @saved_col_connection */;

--
-- Final view structure for view `v_walikelas`
--

/*!50001 DROP TABLE IF EXISTS `v_walikelas`*/;
/*!50001 DROP VIEW IF EXISTS `v_walikelas`*/;
/*!50001 SET @saved_cs_client          = @@character_set_client */;
/*!50001 SET @saved_cs_results         = @@character_set_results */;
/*!50001 SET @saved_col_connection     = @@collation_connection */;
/*!50001 SET character_set_client      = utf8mb4 */;
/*!50001 SET character_set_results     = utf8mb4 */;
/*!50001 SET collation_connection      = utf8mb4_general_ci */;
/*!50001 CREATE ALGORITHM=UNDEFINED */
/*!50013 DEFINER=`root`@`localhost` SQL SECURITY DEFINER */
/*!50001 VIEW `v_walikelas` AS select `g`.`nama_guru` AS `nama_guru`,`r`.`nama_rombel` AS `nama_rombel`,`w`.`id_walikelas` AS `id_walikelas`,`w`.`id_tahun_ajaran` AS `id_tahun_ajaran`,`j`.`nama_jurusan` AS `nama_jurusan`,`r`.`kelas` AS `kelas`,`ta`.`tahun_ajaran` AS `tahun_ajaran` from ((((`tb_walikelas` `w` join `tb_rombel` `r`) join `tb_guru` `g`) join `tb_jurusan` `j`) join `tb_tahun_ajaran` `ta`) where `w`.`id_guru` = `g`.`id_guru` and `w`.`id_rombel` = `r`.`id_rombel` and `j`.`id_jurusan` = `r`.`id_jurusan` and `ta`.`id_tahun_ajaran` = `w`.`id_tahun_ajaran` */;
/*!50001 SET character_set_client      = @saved_cs_client */;
/*!50001 SET character_set_results     = @saved_cs_results */;
/*!50001 SET collation_connection      = @saved_col_connection */;
/*!40103 SET TIME_ZONE=@OLD_TIME_ZONE */;

/*!40101 SET SQL_MODE=@OLD_SQL_MODE */;
/*!40014 SET FOREIGN_KEY_CHECKS=@OLD_FOREIGN_KEY_CHECKS */;
/*!40014 SET UNIQUE_CHECKS=@OLD_UNIQUE_CHECKS */;
/*!40101 SET CHARACTER_SET_CLIENT=@OLD_CHARACTER_SET_CLIENT */;
/*!40101 SET CHARACTER_SET_RESULTS=@OLD_CHARACTER_SET_RESULTS */;
/*!40101 SET COLLATION_CONNECTION=@OLD_COLLATION_CONNECTION */;
/*!40111 SET SQL_NOTES=@OLD_SQL_NOTES */;

-- Dump completed on 2020-03-05 10:56:30
